{"crs":{"properties":{"name":"EPSG:25833"},"type":"name"},"features":[{"geometry":{"coordinates":[[368863.03857172,5809617.27453157],[368913.75241418,5809582.54328184],[368957.72305834,5809554.09157439],[368983.25708951,5809539.19409234],[369030.51373013,5809529.89464424],[369075.19897513,5809521.097208],[369111.96981298,5809528.89904524],[369161.21585392,5809543.02152477],[369207.81127454,5809562.88218824],[369292.88350331,5809613.03063591]],"type":"LineString"},"properties":{"gisid":74,"objekt":"Vorderlandmauer","source_layer":"a_grenzmauer"},"type":"Feature"},{"geometry":{"coordinates":[[369292.88350331,5809613.03063591],[369292.02318906,5809567.75271381],[369281.04307765,5809443.9413192],[369272.567341,5809338.41573052],[369271.74802123,5809295.2938984],[369280.60656718,5809241.63258149],[369325.29620014,5809155.01525992],[369342.52970109,5809128.07010555],[369444.55638475,5809081.71579432],[369462.58562097,5809064.666923],[369478.74718369,5809064.8896674],[369546.13793054,5809041.04868711],[369586.91470002,5809025.08933994],[369624.36015677,5809009.27982011],[369648.97126551,5808999.10631752],[369679.82894302,5808975.04661214],[369730.68991047,5808937.23440367],[369747.83288754,5808926.32475412],[369776.22800867,5808911.91988405],[369906.87202049,5808836.75508662],[369936.38585714,5808838.43506238],[369965.42069796,5808833.2836027],[369983.66806502,5808825.27054402],[370003.72831707,5808809.74820779],[370023.0244495,5808798.45713427],[370030.15438,5808790.73630385],[370035.02434554,5808784.42967255],[370039.41874665,5808773.61325755],[370044.32743595,5808756.22678127]],"type":"LineString"},"properties":{"gisid":75,"objekt":"Vorderlandmauer","source_layer":"a_grenzmauer"},"type":"Feature"},{"geometry":{"coordinates":[[369436.37718457,5809876.62565863],[369450.60207149,5809912.71817841],[369413.37769296,5809925.25559412],[369317.42490496,5809996.48715918],[369262.28611105,5810026.99440107],[369169.15129972,5810082.34412514],[369127.68035861,5810113.32834203]],"type":"LineString"},"properties":{"gisid":1,"objekt":"Vorderlandmauer","source_layer":"a_grenzmauer"},"type":"Feature"},{"geometry":{"coordinates":[[369505.84549349,5809866.73002404],[369488.50166698,5809918.82443583],[369572.05275875,5810002.43314877]],"type":"LineString"},"properties":{"gisid":61,"objekt":"Vorderlandmauer","source_layer":"a_grenzmauer"},"type":"Feature"},{"geometry":{"coordinates":[[369572.05275875,5810002.43314877],[369626.40977662,5810053.02525395],[369657.27741983,5810077.46100114],[369681.01386443,5810092.96401618],[369711.44952343,5810107.41259429],[369770.71836722,5810128.07022157],[369821.67408822,5810142.20003301],[369871.36737408,5810146.64792801],[369919.8801651,5810145.72608659],[369952.53488105,5810142.0062177],[369997.00897608,5810118.3780857],[370027.12217288,5810097.99734299],[370078.86883674,5810064.59033211],[370122.99479795,5810036.09924082],[370153.93379633,5810020.29693803],[370203.95164413,5810001.03297325],[370265.37380821,5809977.37499212],[370493.99732397,5809963.12918488],[370520.52385747,5809965.93261682],[370565.41848324,5810008.36149988],[370596.87420549,5810074.62655742]],"type":"LineString"},"properties":{"gisid":62,"objekt":"Vorderlandmauer","source_layer":"a_grenzmauer"},"type":"Feature"},{"geometry":{"coordinates":[[370043.40108167,5808731.97822491],[370043.05603166,5808722.94607254],[370035.1302188,5808709.2971761],[370025.37138508,5808694.14265022],[370013.39559624,5808686.48345359],[370001.45725282,5808680.79522533],[369987.4917393,5808672.18798977],[369980.46217527,5808665.42066068],[369972.40966487,5808656.7010857],[369958.21947698,5808636.26803523],[369953.02985496,5808622.5648676],[369946.64878292,5808598.04009292],[369943.46760869,5808586.27044758],[369942.25743623,5808574.46335615],[369941.92042924,5808556.72463452],[369946.43603645,5808534.95036036],[369953.26132651,5808508.73135136],[369966.38693545,5808480.61189359],[369976.67938345,5808457.41722472],[369982.43182802,5808437.37535921],[369985.14789756,5808418.92445475],[369978.60924677,5808397.58282083],[369962.90323117,5808377.948623],[369950.37918468,5808364.38707517],[369941.00798863,5808355.36545553],[369931.09022916,5808349.90393697]],"type":"LineString"},"properties":{"gisid":32,"objekt":"Vorderlandmauer","source_layer":"a_grenzmauer"},"type":"Feature"},{"geometry":{"coordinates":[[370569.19094256,5808199.97668297],[370609.89873509,5808194.44786087],[370740.52232263,5808175.86025646],[370820.25868168,5808152.02512654]],"type":"LineString"},"properties":{"gisid":30,"objekt":"Vorderlandmauer","source_layer":"a_grenzmauer"},"type":"Feature"},{"geometry":{"coordinates":[[370596.87420549,5810074.62655742],[370658.04444618,5810115.5230446],[370736.79840836,5810138.4162264]],"type":"LineString"},"properties":{"gisid":59,"objekt":"Vorderlandmauer","source_layer":"a_grenzmauer"},"type":"Feature"},{"geometry":{"coordinates":[[370628.14028616,5808331.57441795],[370646.83812724,5808335.60062451],[370678.69247144,5808381.01080057],[370695.62795909,5808424.49293099],[370697.49261716,5808464.98568472],[370618.64091513,5808523.44225155],[370535.54530867,5808684.29924587],[370617.062996,5808710.83021473],[370661.46984137,5808721.11216275],[370715.79138795,5808736.28636414],[370790.6949994,5808749.47647003],[370823.18608998,5808747.84813575],[370811.67917301,5808690.57976056],[370839.07059973,5808531.14383741],[370839.69266889,5808520.0202086],[370838.39339527,5808480.87576016],[370831.35315476,5808396.29907299],[371077.96445243,5808300.20790972],[371119.6604298,5808315.66448625],[371155.06659979,5808276.65442274],[371178.01950525,5808274.02766077],[371234.23773651,5808292.67603117],[371250.1290535,5808321.94871076],[371253.54923977,5808398.88816349],[371262.28777133,5808459.80359653],[371267.46939927,5808493.06113602],[371277.43767798,5808538.78571099],[371279.1662451,5808563.61864389],[371278.36671825,5808580.02373742],[371274.41575418,5808619.20686679],[371268.82129792,5808644.00199571],[371261.3113005,5808679.91727145],[371274.97053622,5808693.70640744],[371298.3130784,5808694.09631525],[371427.20678044,5808648.28627607],[371454.1117966,5808459.43552312],[371547.61062641,5808470.7421375],[371563.21644207,5808369.67309007],[371472.12546524,5808360.45008494],[371486.87261083,5808263.16717221],[371339.55595529,5808243.57498011],[371231.61094771,5808269.7234833],[371177.71327365,5808142.59088526],[371102.03507232,5808137.45644171],[371062.22067776,5808117.40106069],[371031.41571153,5808110.31878521],[370993.25792177,5808119.80652349]],"type":"LineString"},"properties":{"gisid":125,"objekt":"Vorderlandmauer","source_layer":"a_grenzmauer"},"type":"Feature"},{"geometry":{"coordinates":[[370736.79840836,5810138.4162264],[370811.45660222,5810129.86281746],[370857.46488756,5810110.65524031],[370953.71173531,5810067.84599124],[370987.50777288,5810061.79536397],[371063.84121292,5810081.61044232],[371143.38306567,5810124.77331924],[371185.93202342,5810143.23722259],[371209.93607863,5810157.87912064],[371236.52643252,5810195.11890573],[371267.55192743,5810238.74498937],[371290.80568555,5810270.65601742],[371314.10847552,5810301.43481293],[371337.79746187,5810329.11119328]],"type":"LineString"},"properties":{"gisid":60,"objekt":"Vorderlandmauer","source_layer":"a_grenzmauer"},"type":"Feature"},{"geometry":{"coordinates":[[370757.66615343,5810285.70702719],[370742.1007776,5810154.18425258]],"type":"LineString"},"properties":{"gisid":77,"objekt":"Vorderlandmauer","source_layer":"a_grenzmauer"},"type":"Feature"},{"geometry":{"coordinates":[[370769.08693904,5808216.2382361],[370763.46661663,5808221.80288043],[370681.2741812,5808303.18108449],[370674.21838282,5808306.95151427],[370670.459402,5808308.96021302],[370628.14028616,5808331.57441795]],"type":"LineString"},"properties":{"gisid":135,"objekt":"Vorderlandmauer","source_layer":"a_grenzmauer"},"type":"Feature"},{"geometry":{"coordinates":[[370829.83051013,5808182.63709277],[370770.0517942,5808201.75301529],[370769.08693904,5808216.2382361]],"type":"LineString"},"properties":{"gisid":39,"objekt":"Vorderlandmauer","source_layer":"a_grenzmauer"},"type":"Feature"},{"geometry":{"coordinates":[[370961.16648743,5808098.06145698],[371026.01654201,5808056.74894383],[371022.87907964,5808034.62517386],[371054.27101305,5808010.86087931],[371081.83208712,5807996.53942584],[371097.3810111,5807988.93659271],[371153.87949242,5807967.81011037],[371177.02059694,5807966.51628595],[371223.64987551,5807942.44170705],[371244.31323329,5807931.77256566],[371256.16129266,5807925.78675912],[371275.05611648,5807912.22918197],[371284.78302721,5807897.38810081],[371296.70296083,5807890.58953201],[371307.42391435,5807878.33696722],[371325.70569716,5807860.46399899],[371340.72335228,5807843.74839455],[371357.82695641,5807821.51639272],[371367.3281308,5807802.71487628],[371378.95685613,5807780.58688121],[371387.23825335,5807755.23641157],[371395.62365354,5807735.36073922],[371399.69155201,5807718.85314779],[371408.03535304,5807696.78755822],[371420.55105628,5807663.68917544],[371433.08756164,5807631.68575373],[371451.14054727,5807601.7682506],[371474.77241161,5807577.22154416],[371496.29752411,5807557.09627684]],"type":"LineString"},"properties":{"gisid":83,"objekt":"Vorderlandmauer","source_layer":"a_grenzmauer"},"type":"Feature"},{"geometry":{"coordinates":[[371246.5851415,5811162.3429098],[371281.98872495,5811088.20775523],[371277.84375805,5811057.5713124],[371276.37743634,5810980.41268312],[371268.88818511,5810898.77972001],[371261.2928227,5810872.13614214],[371249.85245105,5810859.55597847],[371238.58225957,5810847.16009033],[371213.25319975,5810837.06273133],[371078.656114,5810914.60540084],[371032.76382775,5810883.23982022],[370931.26527729,5810753.82865568],[370876.45501647,5810658.7371962],[370861.79112481,5810615.27092986],[370826.22570795,5810495.93998173],[370800.245277,5810379.99219648],[370775.06607314,5810347.886555],[370759.79458322,5810303.69159648],[370757.66615343,5810285.70702719]],"type":"LineString"},"properties":{"gisid":126,"objekt":"Vorderlandmauer","source_layer":"a_grenzmauer"},"type":"Feature"},{"geometry":{"coordinates":[[371337.79746187,5810329.11119328],[371353.20939652,5810355.35395254]],"type":"LineString"},"properties":{"gisid":78,"objekt":"Vorderlandmauer","source_layer":"a_grenzmauer"},"type":"Feature"},{"geometry":{"coordinates":[[371496.29752411,5807557.09627684],[371531.9117177,5807529.03589709],[371573.00078543,5807500.87152166],[371609.89714634,5807482.64498014],[371661.99835555,5807457.55749065],[371698.89470796,5807439.3309565],[371722.79695703,5807429.01873278],[371756.75141128,5807420.49549863],[371805.66143447,5807408.82365316],[371849.1484176,5807391.5672887],[371872.82186311,5807369.21053217],[371897.07029983,5807319.45902766],[371920.28616377,5807273.01320204],[371946.50337752,5807247.3091495],[371979.59457258,5807223.69108736],[372004.4877841,5807207.88329393],[372030.45516893,5807190.95974535],[372042.25029213,5807177.59146151],[372052.92964286,5807163.14901992],[372062.3684285,5807141.06267479],[372069.74206042,5807125.58767441],[372073.2366905,5807115.04603006],[372081.67698222,5807101.04122967],[372089.40262943,5807064.96982599],[372098.75822479,5807038.50365465],[372118.49418816,5807016.71690299],[372143.81117399,5806988.35701815],[372163.66782332,5806962.88812734],[372190.1313357,5806939.75927923],[372212.05800332,5806920.60222882],[372244.77017725,5806888.8802954],[372283.67296,5806845.5089296],[372320.8004411,5806791.11784118],[372344.36989248,5806763.2863566],[372383.24816119,5806734.06874491],[372441.87752412,5806706.66668763],[372493.1332403,5806694.73961531]],"type":"LineString"},"properties":{"gisid":63,"objekt":"Vorderlandmauer","source_layer":"a_grenzmauer"},"type":"Feature"},{"geometry":{"coordinates":[[372154.01174796,5812056.85123237],[372150.47029816,5812039.27785561],[372148.25776834,5812007.24593158],[372137.89386385,5811954.41023492],[371927.36615057,5811860.6964909],[371817.98094307,5811631.67095218],[371594.34896047,5811499.46070642],[371496.07015911,5811434.99158969],[371246.5851415,5811162.3429098]],"type":"LineString"},"properties":{"gisid":58,"objekt":"Vorderlandmauer","source_layer":"a_grenzmauer"},"type":"Feature"},{"geometry":{"coordinates":[[372493.1332403,5806694.73961531],[372540.09225134,5806687.27556341],[372606.92712798,5806688.19680047],[372660.99669056,5806709.076824],[372687.52557891,5806721.7171459],[372776.16317178,5806774.80109963],[372818.35441318,5806804.66953197],[372841.66077238,5806820.6571052],[372876.08322272,5806845.19633875],[372902.79927972,5806867.69124585],[372940.56903232,5806895.45294329],[372982.78105867,5806926.41630794],[373054.99404273,5806979.81216316],[373107.12318559,5807013.87318815],[373201.69218156,5806961.14310427],[373228.69731911,5806950.7299897],[373253.98827444,5806943.46865453],[373287.72027487,5806934.35175033],[373317.56809534,5806920.05717267],[373314.52909885,5806904.23232869],[373127.31682489,5806880.40458754],[373117.17092231,5806865.26240304],[373153.05111839,5806735.87726033]],"type":"LineString"},"properties":{"gisid":106,"objekt":"Vorderlandmauer","source_layer":"a_grenzmauer"},"type":"Feature"},{"geometry":{"coordinates":[[372587.76961143,5805857.76053188],[372625.29708888,5805912.83191085],[372668.55178123,5805869.46135773],[372702.00502132,5805835.75661329],[372790.25668658,5805754.55382736],[372807.77318749,5805744.90563428],[372825.41348641,5805741.77595585]],"type":"LineString"},"properties":{"gisid":105,"objekt":"Vorderlandmauer","source_layer":"a_grenzmauer"},"type":"Feature"},{"geometry":{"coordinates":[[372762.4769691,5822629.71206021],[373266.64639788,5822556.70280826],[373935.58567369,5822463.97710068]],"type":"LineString"},"properties":{"gisid":41,"objekt":"Vorderlandmauer","source_layer":"a_grenzmauer"},"type":"Feature"},{"geometry":{"coordinates":[[372819.05924449,5806255.06390663],[372564.94276033,5806251.62434989],[372522.35842256,5806020.47650773],[372611.8922146,5805927.21220999],[372575.978954,5805872.11539303]],"type":"LineString"},"properties":{"gisid":124,"objekt":"Vorderlandmauer","source_layer":"a_grenzmauer"},"type":"Feature"},{"geometry":{"coordinates":[[372825.41348641,5805741.77595585],[372961.53209275,5805747.57477883]],"type":"LineString"},"properties":{"gisid":24,"objekt":"Vorderlandmauer","source_layer":"a_grenzmauer"},"type":"Feature"},{"geometry":{"coordinates":[[372863.56420178,5806255.66629743],[372921.55097764,5806315.64923188],[372995.84938673,5806401.80393896],[373039.66504389,5806443.9856211],[373044.15494812,5806448.30808729]],"type":"LineString"},"properties":{"gisid":136,"objekt":"Vorderlandmauer","source_layer":"a_grenzmauer"},"type":"Feature"},{"geometry":{"coordinates":[[372961.53209275,5805747.57477883],[373019.60496093,5805911.35652363]],"type":"LineString"},"properties":{"gisid":23,"objekt":"Vorderlandmauer","source_layer":"a_grenzmauer"},"type":"Feature"},{"geometry":{"coordinates":[[373019.60496093,5805911.35652363],[372793.23473843,5806107.55556022],[372880.95944558,5806213.94946897],[372947.0271482,5806291.47533413],[373037.20062657,5806396.36078111],[373114.02740398,5806468.49415525],[373227.90751985,5806566.00865803],[373338.42508272,5806658.92622765],[373467.52437952,5806736.58748921]],"type":"LineString"},"properties":{"gisid":22,"objekt":"Vorderlandmauer","source_layer":"a_grenzmauer"},"type":"Feature"},{"geometry":{"coordinates":[[373153.05111839,5806735.87726033],[373253.10397404,5806733.97684268],[373262.40601541,5806733.52632103]],"type":"LineString"},"properties":{"gisid":64,"objekt":"Vorderlandmauer","source_layer":"a_grenzmauer"},"type":"Feature"},{"geometry":{"coordinates":[[373329.98961673,5816587.05297126],[373276.05793865,5816519.45582578],[373250.63008436,5816489.46917108],[373210.43865299,5816442.12261667],[373076.79709373,5816283.19601697],[372900.34256658,5816074.35829098],[372790.3374352,5815967.73108837],[372746.96488153,5815936.14953451],[372598.10960589,5815896.55958385],[372324.77765517,5815830.31494452],[372183.80159305,5815796.11052987],[372173.89314735,5815781.06379894],[372160.36629209,5815533.54952442],[372128.67825635,5815511.70026508],[371975.68139999,5815393.53007262],[371966.52881105,5815376.06340413],[371956.46796514,5815353.00105558],[371969.7532049,5815292.60971498],[371980.25890126,5815254.72302161],[371985.63264696,5815238.9204753],[371912.67683273,5815200.6803631],[371809.77985666,5815144.90359581],[371705.2187479,5815085.95104114],[371697.11158049,5815081.29408341],[371668.78221413,5815067.39941178],[371656.34713745,5815045.98588295],[371644.08878741,5814991.69312622],[371631.54997783,5814880.47431879],[371522.66379065,5814599.11525843],[371454.03532718,5814458.08940936],[371429.21194108,5814402.40901602],[371423.17328778,5814325.59602016],[371432.22017317,5814181.04101045],[371455.3334945,5814055.54292934],[371453.3805462,5814027.33894401],[371450.21992685,5814009.58556537],[371446.60157626,5813989.26262366],[371437.07515743,5813958.31704169],[371306.42700477,5813772.22277449],[371297.50107157,5813756.28741465],[371294.03288353,5813745.23294795],[371289.7552081,5813731.59997824],[371285.61802729,5813724.36745508],[371285.3285088,5813709.13778972],[371286.70308921,5813697.08389367],[371285.71866233,5813687.48039565],[371292.67378323,5813673.71671122],[371310.8052215,5813657.33501215],[371341.88373694,5813647.1219978],[371517.71462065,5813743.20892615],[371543.08147251,5813769.98961642],[371563.28841389,5813778.42583311],[371576.17453251,5813781.38826649],[371593.00756334,5813781.06826591],[371612.97069502,5813776.67950914],[371681.79046708,5813756.13861919],[371670.02439612,5813608.06267499],[371660.33400711,5813526.40366901],[371706.45952276,5813506.28243115],[371729.98862877,5813478.5722444],[371694.33900052,5813248.31705607],[371681.2945396,5813194.84105079],[371636.02883625,5813091.46095837],[371583.08262443,5813005.86754972],[371502.31324453,5812848.63643963],[371682.8143781,5812599.8392639],[371784.24592825,5812451.97457726],[371904.27663973,5812280.25807514],[372001.03114973,5812213.71397493],[372154.08579459,5812081.19770163],[372154.01174796,5812056.85123237]],"type":"LineString"},"properties":{"gisid":107,"objekt":"Vorderlandmauer","source_layer":"a_grenzmauer"},"type":"Feature"},{"geometry":{"coordinates":[[373351.40333007,5806711.84576674],[373172.27692788,5806567.99534577],[373094.53660648,5806496.81090196],[373044.15494812,5806448.30808729]],"type":"LineString"},"properties":{"gisid":65,"objekt":"Vorderlandmauer","source_layer":"a_grenzmauer"},"type":"Feature"},{"geometry":{"coordinates":[[373415.02052025,5827147.76251275],[373458.33958772,5827138.3936542]],"type":"LineString"},"properties":{"gisid":57,"objekt":"Vorderlandmauer","source_layer":"a_grenzmauer"},"type":"Feature"},{"geometry":{"coordinates":[[373458.33958772,5827138.3936542],[373487.48879116,5827139.48238131],[373659.44573369,5827176.76612097],[373792.43081427,5827220.58023114],[373906.91080406,5827210.4000233],[373922.98214167,5827214.09420492],[373982.34183507,5827250.2990921],[374120.82675943,5827310.3318944],[374234.7097303,5827338.83156942],[374265.54482298,5827347.57821233],[374341.80428958,5827408.69423787],[374629.36103064,5827523.18535587],[374634.24835626,5827480.87154582],[374696.8982208,5827382.95788462],[374791.58431443,5827102.88405751],[374823.9588084,5826946.91316129],[374831.03212613,5826866.81411371],[374832.97246845,5826833.24372441],[374788.74897539,5826181.47326219],[374778.50089696,5826094.82533933],[374701.89666238,5826045.55366823],[374694.12902104,5825953.69950941],[374632.93179832,5825810.41276624],[374606.52253357,5825706.76316742]],"type":"LineString"},"properties":{"gisid":110,"objekt":"Vorderlandmauer","source_layer":"a_grenzmauer"},"type":"Feature"},{"geometry":{"coordinates":[[373467.52437952,5806736.58748921],[373641.77618638,5806788.23920067],[373703.70228015,5806713.47048634],[373835.15945291,5806638.86976986],[373974.52198847,5806613.54569688],[374059.04275123,5806598.14707724]],"type":"LineString"},"properties":{"gisid":66,"objekt":"Vorderlandmauer","source_layer":"a_grenzmauer"},"type":"Feature"},{"geometry":{"coordinates":[[373935.58567369,5822463.97710068],[373973.86940729,5822458.67036416],[373973.06613686,5822404.80994271],[373974.14908021,5822382.99969539],[373971.09284048,5822171.10174835],[373971.96795955,5822132.82965843],[373958.30790221,5822002.39490854],[373942.83800071,5821912.40676615],[373926.15607321,5821849.09652133],[373898.02217152,5821771.38701555],[374002.33824781,5821695.45635537],[374164.2357387,5821572.85890442],[374096.41072803,5821352.31251805],[374041.92349637,5820976.93054176]],"type":"LineString"},"properties":{"gisid":109,"objekt":"Vorderlandmauer","source_layer":"a_grenzmauer"},"type":"Feature"},{"geometry":{"coordinates":[[373948.25087039,5822488.19640815],[373122.66570806,5822604.0492377],[372763.24777898,5822653.6569567]],"type":"LineString"},"properties":{"gisid":42,"objekt":"Vorderlandmauer","source_layer":"a_grenzmauer"},"type":"Feature"},{"geometry":{"coordinates":[[373948.25087039,5822488.19640815],[373982.07955794,5822483.44929431],[374003.30656702,5822563.77867537],[374041.08082632,5822692.12582653],[374054.26671847,5822797.63439005],[374067.68164365,5822915.17625517],[374075.76838602,5822978.65001879],[374128.87226933,5823419.59364538],[374131.89255466,5823442.75165865],[374139.97937254,5823506.2254028],[374138.18600167,5823547.53152842],[374128.10812562,5823605.3321624],[374119.75071131,5823627.01523604],[374117.63763669,5823642.50427407],[373988.9641196,5824019.84069738],[373984.78851519,5824071.5101841],[373992.02559246,5824109.00859293],[374101.66869046,5824068.42567319],[374283.25792528,5824167.28945215],[374384.68788573,5824391.49483538],[374358.36317031,5824783.67987892],[374328.91998455,5824865.30844997],[374292.92420382,5825029.81576041],[374385.52358688,5825106.29781834],[374418.69448263,5825215.26086522],[374425.77391451,5825316.15437061],[374424.15978922,5825412.84546118],[374451.82291786,5825480.62207388],[374606.52253357,5825706.76316742]],"type":"LineString"},"properties":{"gisid":127,"objekt":"Vorderlandmauer","source_layer":"a_grenzmauer"},"type":"Feature"},{"geometry":{"coordinates":[[374016.33436581,5820930.48796289],[374001.08858147,5820461.80215586],[374142.7281071,5820226.38783452],[374161.86783225,5820207.79886498],[374296.71628588,5820160.47164464],[374396.63762496,5820096.24915119],[374557.26909413,5819992.04257345],[374690.44686214,5819879.68086567],[374999.60061448,5819678.82226169],[375039.64832441,5819676.45671419],[375476.21232316,5819393.32560545],[375716.46777692,5819257.848491],[375661.16864383,5819217.20459249],[375627.32193202,5819178.49362536],[375447.03145119,5818983.13054065],[375240.02771776,5818765.75928967],[374995.04551265,5818533.07334004],[374913.04426403,5818437.6099186],[374866.37932627,5818387.17947856],[374706.26419434,5818208.0933125],[374507.33551865,5817975.44559334],[374405.21890162,5817876.35532069],[374327.39317537,5817789.6325308],[374240.38434073,5817683.84006763],[374164.05503149,5817591.47582753],[374059.01537676,5817465.17821255],[373894.08935355,5817267.85331355],[373801.31711684,5817154.15178707],[373749.58361656,5817090.18608269],[373651.97846084,5816980.76198057],[373604.36778027,5816917.34331859],[373550.47450519,5816854.35266465],[373497.66403012,5816787.86963791],[373482.90045255,5816770.50976373],[373432.84631066,5816710.52126531],[373388.09378061,5816657.52450327],[373329.98961673,5816587.05297126]],"type":"LineString"},"properties":{"gisid":108,"objekt":"Vorderlandmauer","source_layer":"a_grenzmauer"},"type":"Feature"},{"geometry":{"coordinates":[[374032.95887217,5820939.03145843],[374016.33436581,5820930.48796289]],"type":"LineString"},"properties":{"gisid":40,"objekt":"Vorderlandmauer","source_layer":"a_grenzmauer"},"type":"Feature"},{"geometry":{"coordinates":[[374059.04275123,5806598.14707724],[374186.4255805,5806574.93953439],[374370.1195263,5806547.44950847],[374714.99842799,5806443.70162464],[375164.20691294,5806468.11545774],[375353.36688887,5806477.75087059],[375402.55492369,5806480.59610985],[375434.99232741,5806496.98772592],[375618.78450628,5806621.99955131],[375594.41228695,5806833.01406987],[375661.03263999,5806858.20509544]],"type":"LineString"},"properties":{"gisid":67,"objekt":"Vorderlandmauer","source_layer":"a_grenzmauer"},"type":"Feature"},{"geometry":{"coordinates":[[375637.55097519,5806915.34347666],[375500.56794889,5806866.92226109],[375452.54005785,5806969.88921606],[375438.81484734,5806998.48771664],[375446.66049935,5807312.03657366],[375480.5588603,5807604.30331398],[375527.7988506,5807703.56247485],[375647.95961537,5807761.75171705],[375929.48203227,5807858.44997834],[376258.52686299,5808007.79767306]],"type":"LineString"},"properties":{"gisid":103,"objekt":"Vorderlandmauer","source_layer":"a_grenzmauer"},"type":"Feature"},{"geometry":{"coordinates":[[375704.19464811,5829227.24052001],[375169.06852929,5829120.96170283],[374934.9337349,5828923.18244811],[374664.93697345,5828550.19483711],[374316.78581157,5828328.14645289],[374034.06776503,5828232.6956862],[373846.63964241,5828168.16659888],[373704.36161396,5828033.70354562],[373496.19694528,5827976.44644107],[373354.16875293,5827988.15416035],[373223.59172773,5828033.85566766],[373162.56423009,5827854.95544749],[373142.09753961,5827536.63479293],[373293.95066215,5827365.33802067],[373415.02052025,5827147.76251275]],"type":"LineString"},"properties":{"gisid":111,"objekt":"Vorderlandmauer","source_layer":"a_grenzmauer"},"type":"Feature"},{"geometry":{"coordinates":[[375704.19464811,5829227.24052001],[375877.71703322,5829063.99457733],[375985.63257813,5829038.72994191],[376121.54142755,5828973.46642488],[376179.02482224,5828941.24863424],[376325.86460387,5828858.34156621],[376434.51135219,5828820.47138871],[376498.67751187,5828798.10782949],[376603.73309199,5828778.98395634],[376823.25603454,5828700.66468885],[377044.9404521,5828588.70657435],[377447.32336433,5828286.61484327],[377484.54656052,5828257.01767397],[377648.8129051,5828195.26383704],[377827.10371886,5828154.1275116],[377953.4594191,5828102.72716938],[378024.48196847,5828087.86113334],[378067.53682921,5828071.20988817],[378096.47107971,5828060.02306027],[378113.36497538,5828054.13342435],[378139.63815271,5828037.64029171],[378159.15070228,5828025.39325137],[378169.25375458,5828016.96616281],[378186.5508167,5828001.75077837],[378203.04867103,5827987.23553685],[378226.33212712,5827961.85368119],[378255.31903264,5827940.30347765],[378330.21996765,5827906.7352936],[378355.03433446,5827886.66565011],[378441.99359604,5827824.81209133],[378498.77153878,5827809.16024886],[378510.05119309,5827834.15388148],[378547.43819439,5828000.89788625],[378824.2216243,5827974.01996343],[378990.96709929,5827936.63328588],[378977.85743079,5827974.13999603],[378971.24858102,5828068.00112327],[378954.48613002,5828290.24554497],[378983.33034636,5828456.27128059],[378738.64189594,5828790.8331429],[378535.94904677,5828910.42046211],[378516.74911353,5828926.3294206],[378506.93844949,5828937.52710392],[378490.44714992,5828956.34970463],[378478.44526109,5828967.08389327],[378458.42066482,5828979.51780957],[378416.90186426,5829005.30168948],[378377.87734338,5829025.06825109],[378353.05849458,5829040.62828967],[378305.92981475,5829123.6710362],[378276.5348629,5829146.51685091],[378282.47386324,5829140.4269447],[378276.5348629,5829146.51685091],[378249.53011265,5829175.92573464],[378221.07398578,5829206.31427435],[378214.61095669,5829339.68198585]],"type":"LineString"},"properties":{"gisid":82,"objekt":"Vorderlandmauer","source_layer":"a_grenzmauer"},"type":"Feature"},{"geometry":{"coordinates":[[377346.36234135,5808379.90648778],[377358.03736301,5808427.9967601],[377362.89292679,5808453.76455681],[377364.34039626,5808483.15208444],[376754.77533856,5808228.27924034],[376716.74253613,5808215.77358491],[376258.52686299,5808007.79767306]],"type":"LineString"},"properties":{"gisid":104,"objekt":"Vorderlandmauer","source_layer":"a_grenzmauer"},"type":"Feature"},{"geometry":{"coordinates":[[377396.29048522,5808361.47000503],[377411.07695863,5808409.36689721],[377419.53878142,5808451.74952049],[377425.32062576,5808499.8812029],[378309.53472327,5808888.28581022],[378749.47702294,5809122.23513222],[378951.74217895,5809204.26071945],[379011.12368526,5809225.89281957],[379123.70114064,5809270.3090864],[379191.45443727,5809296.95490549],[379242.52303852,5809316.67580525],[379276.8676519,5809327.40341735]],"type":"LineString"},"properties":{"gisid":102,"objekt":"Vorderlandmauer","source_layer":"a_grenzmauer"},"type":"Feature"},{"geometry":{"coordinates":[[378805.72219877,5831077.93987608],[378773.49203053,5831077.42094386],[378671.83675466,5831034.34242492],[378480.37049305,5830843.72688652],[378468.72653662,5830820.30899565],[378463.08812994,5830785.5789502],[378467.93276604,5830713.32337008],[378475.93123741,5830580.72146136],[378461.66285261,5830574.47862277],[378449.60768053,5830566.82774445],[378443.25754189,5830566.93903531],[378428.75494663,5830561.81348368],[378412.34952424,5830551.32237123],[378401.2754299,5830537.12849916],[378395.53266452,5830519.23186769],[378398.65259064,5830493.96400562],[378401.79420986,5830472.83640651],[378408.39810027,5830461.88588344],[378409.89960852,5830442.11832595],[378411.81802755,5830428.89154365],[378413.34370705,5830414.4576642],[378411.26945283,5830400.09235739],[378401.96104476,5830384.06424611],[378361.53890801,5830341.61975836],[378322.60816938,5830282.9414314],[378264.42635115,5830253.43943144],[378246.42617055,5830232.15097055],[378218.17205701,5830205.62038205],[378202.8316279,5830189.15411367],[378152.43404685,5830140.33404403],[378110.80258322,5829979.4976799],[378108.16363966,5829957.98980225],[378097.78366107,5829918.10017184],[378114.24058002,5829836.75955992],[378071.50424165,5829767.35001714],[378054.37887374,5829719.05990158],[378057.36171718,5829686.59222244],[378070.20386009,5829650.23188293],[378119.14155818,5829598.56601837],[378123.90926599,5829588.09213442],[378136.06337423,5829564.45279936],[378139.04622849,5829531.98512741],[378138.49771224,5829503.18592171],[378137.40068546,5829445.58751006],[378145.61079016,5829403.10432354],[378179.60689728,5829358.90999298],[378214.61095669,5829339.68198585]],"type":"LineString"},"properties":{"gisid":128,"objekt":"Vorderlandmauer","source_layer":"a_grenzmauer"},"type":"Feature"},{"geometry":{"coordinates":[[378874.0015685,5831063.91593507],[378881.78408447,5831145.88445525],[378902.59649475,5831258.70958922],[378912.51114866,5831321.97458065],[378942.23109991,5831379.88549457],[378976.76021336,5831428.99543001],[379006.38539631,5831481.93136083],[379051.03040367,5831539.55791682],[379096.99024965,5831600.89199118],[379115.06624395,5831635.38502739],[379243.89671112,5831997.47909213],[379352.53150806,5832409.72542417],[379359.39008448,5832443.1879403]],"type":"LineString"},"properties":{"gisid":129,"objekt":"Unterwassergrenze","source_layer":"a_grenzmauer"},"type":"Feature"},{"geometry":{"coordinates":[[379233.61696633,5832544.8909872],[379276.57607446,5832517.21345954],[379289.19104436,5832508.02009849],[379281.15457905,5832401.79599975],[379263.06875794,5832303.10764809],[379220.58894459,5832152.66667999],[379199.48622622,5832084.64596808],[379104.78986671,5831774.77565653],[379097.4696465,5831757.43793024],[379095.77316165,5831737.50336384],[379066.18504894,5831696.65326454],[378825.29733715,5831339.32174966],[378739.19023959,5831261.73568175],[378682.53407828,5831217.79996406],[378600.57552131,5831168.94444185],[378526.1254154,5831136.15128239],[378464.30935188,5831104.91803705]],"type":"LineString"},"properties":{"gisid":2,"objekt":"Vorderlandmauer","source_layer":"a_grenzmauer"},"type":"Feature"},{"geometry":{"coordinates":[[379276.8676519,5809327.40341735],[379320.55990205,5809323.99935152]],"type":"LineString"},"properties":{"gisid":68,"objekt":"Vorderlandmauer","source_layer":"a_grenzmauer"},"type":"Feature"},{"geometry":{"coordinates":[[379320.55990205,5809323.99935152],[379399.79940161,5809317.82579794],[379475.04902361,5809303.48503878],[379536.00668036,5809290.3039362],[379671.25684552,5809275.13210802],[379811.3752634,5809256.22148221],[379841.50673542,5809252.80296503],[380021.88675102,5809306.93504188],[380065.26878723,5809306.11078433],[380128.15192116,5809299.02590088],[380584.44167679,5809317.0753373],[380720.97279872,5809322.51467034],[380793.33806356,5809057.33801327],[380801.59638511,5808978.16013765],[380811.83666582,5808903.32939243]],"type":"LineString"},"properties":{"gisid":123,"objekt":"Vorderlandmauer","source_layer":"a_grenzmauer"},"type":"Feature"},{"geometry":{"coordinates":[[379359.39008448,5832443.1879403],[379369.39700926,5832446.13173184]],"type":"LineString"},"properties":{"gisid":44,"objekt":"Vorderlandmauer","source_layer":"a_grenzmauer"},"type":"Feature"},{"geometry":{"coordinates":[[379935.53300005,5832391.02295305],[379841.83404198,5832437.92900647],[379369.39700926,5832446.13173184]],"type":"LineString"},"properties":{"gisid":56,"objekt":"Vorderlandmauer","source_layer":"a_grenzmauer"},"type":"Feature"},{"geometry":{"coordinates":[[380811.83666582,5808903.32939243],[380815.4672521,5808876.79894372],[380840.20241327,5808566.76131656],[380832.65243313,5808312.84161621],[380833.09303569,5808221.23966913],[380829.41462207,5808085.00958393],[380828.50351598,5808037.04930446],[380843.83910874,5807983.32838859],[380797.53257971,5807813.01530316],[380806.10416522,5807784.70339652],[380918.43917939,5807547.93222235],[380836.52052729,5807504.09577761]],"type":"LineString"},"properties":{"gisid":122,"objekt":"Vorderlandmauer","source_layer":"a_grenzmauer"},"type":"Feature"},{"geometry":{"coordinates":[[380859.84775219,5807450.32099883],[380956.46275372,5807505.35314291],[380965.25275195,5807510.71494581],[381025.08365801,5807541.96123526],[381066.59001176,5807564.8675339],[381099.30636619,5807582.41202857],[381125.57136552,5807592.97064698],[381167.65728191,5807604.80837893],[381201.01319277,5807614.4424701],[381223.2554644,5807621.12837664],[381257.37091978,5807629.16838759],[381291.38138457,5807631.68161974],[381318.28593424,5807634.32983616],[381357.79321637,5807635.15900037],[381380.70503821,5807635.51358921],[381411.35412687,5807635.31734875],[381440.74049621,5807635.95279739],[381463.66731071,5807637.09692544],[381495.99367706,5807634.11337737],[381529.01959644,5807626.37759614],[381560.45142393,5807617.88227345],[381612.26143991,5807601.10160694],[381663.17691719,5807578.80916975],[381704.66284398,5807559.06533221],[381765.66241547,5807527.10346367],[381831.39924603,5807495.05161582],[381886.9319802,5807466.35290554],[381937.04288176,5807443.2859574],[382003.70420999,5807418.32498205],[382059.34190563,5807395.15306061],[382096.39048348,5807391.29000909],[382177.71350314,5807389.74523197],[382232.16202536,5807387.13130735],[382294.5359701,5807385.94648192],[382335.54723829,5807382.79798369],[382376.69348086,5807386.75532524],[382418.61426412,5807389.90813061],[382487.54448334,5807401.23592264],[382560.4973925,5807416.43640864],[382659.53608797,5807431.88295037],[382704.83556233,5807444.54888053],[382714.35858341,5807449.84553456],[382739.01437602,5807458.85504422],[382777.13738214,5807469.97819901],[383143.84483331,5807788.43284487]],"type":"LineString"},"properties":{"gisid":100,"objekt":"Vorderlandmauer","source_layer":"a_grenzmauer"},"type":"Feature"},{"geometry":{"coordinates":[[380958.53743122,5832368.10841778],[380945.33210306,5832364.75239092],[380922.23829572,5832356.3249092],[380907.31588574,5832351.4085279],[380880.90944876,5832342.70821042],[380838.88529612,5832331.41733338],[380815.4457445,5832324.93660395],[380795.8278463,5832326.12187666],[380765.16003487,5832323.1049931],[380710.64925554,5832326.41760959],[380625.41416512,5832331.76304324],[380601.46709697,5832330.35725626],[380375.92382534,5832307.11324489],[380350.6558456,5832303.9934766],[380332.62198473,5832302.53647376],[380300.59767,5832294.83037956],[380281.34801208,5832293.525202],[380247.34390092,5832294.48036953],[380215.41164425,5832295.37522896],[380197.08684093,5832295.31809921],[380165.73043743,5832301.42352331],[380089.98704544,5832313.70269348],[379935.53300005,5832391.02295305]],"type":"LineString"},"properties":{"gisid":55,"objekt":"Vorderlandmauer","source_layer":"a_grenzmauer"},"type":"Feature"},{"geometry":{"coordinates":[[382552.58183518,5832859.8355918],[382517.64496843,5832727.2579488],[382505.91156758,5832689.38904229],[382514.23316443,5832642.69543891],[382524.75350767,5832603.69419301],[382511.79826004,5832514.90026384],[382506.48367035,5832424.97224885],[382502.53993299,5832217.98005295],[382436.31916946,5832239.04815805],[382389.93209382,5832261.53897502],[382239.03172887,5832314.04590383],[382207.6773456,5832314.64328522],[382057.17644984,5832298.90337463],[381964.2861144,5832293.22762877],[381847.17802753,5832286.1512516],[381711.60079888,5832272.25986142],[381646.41553482,5832269.7777253],[381603.96896962,5832274.31051215],[381596.52866826,5832274.45226817],[381589.08576341,5832274.5940738],[381505.64139103,5832276.18389424],[381340.4340946,5832270.02391366],[381288.1576324,5832271.72695101],[381204.41722621,5832318.33718617],[381130.51821779,5832359.35945246],[381075.84598741,5832378.8678561],[381019.86400934,5832379.93446564],[381008.5447355,5832380.15012873],[380992.85421155,5832376.63101117]],"type":"LineString"},"properties":{"gisid":54,"objekt":"Vorderlandmauer","source_layer":"a_grenzmauer"},"type":"Feature"},{"geometry":{"coordinates":[[383143.84483331,5807788.43284487],[383196.71520875,5807834.34629551],[383321.64065604,5807943.79516456],[383412.37366994,5808021.84341805],[383509.95642152,5808106.6895686],[383558.48492196,5808146.22883539],[383589.83197039,5808174.85668186],[383646.60109629,5808226.20625599],[383715.58997151,5808287.46497006],[383766.87846723,5808339.02842323],[383860.58681675,5808416.13688027],[383953.71295571,5808453.85866887],[384053.78097159,5808490.23811588],[384099.44375392,5808507.87305549],[384184.66154326,5808364.32405031],[384263.26319236,5808239.18625178],[384372.25771449,5808063.83916762],[384513.51827539,5807845.21317443],[384619.31226227,5807684.72958716],[384685.9429899,5807571.13899211],[384844.73858724,5807312.99714786],[384909.71118596,5807203.79183989],[384966.06221019,5807099.10400603],[385026.92149194,5806993.03653285],[385076.7886057,5806913.72321593],[385100.43306043,5806874.96178457],[385158.42578752,5806765.0184523],[385283.16203899,5806914.15694309],[385329.06892561,5806947.24359603],[385419.78079751,5807001.24753638],[385616.34890573,5807127.25308479],[385681.55389563,5807167.80972191],[385749.20451228,5807202.39245162],[385975.81807106,5807335.83553882],[386221.57383655,5807480.85781231],[386379.29379394,5807571.1969806],[386705.46248882,5807759.61397069],[386870.97011928,5807854.86253354],[386993.34756289,5807925.67916592],[387088.54351959,5807986.56335487],[387178.36812036,5808039.71298286],[387220.69395732,5808067.64301917]],"type":"LineString"},"properties":{"gisid":99,"objekt":"Vorderlandmauer","source_layer":"a_grenzmauer"},"type":"Feature"},{"geometry":{"coordinates":[[383771.28105389,5835017.11764462],[383809.01115571,5835012.79739689],[383968.93121118,5834995.344891],[383982.21368897,5834988.10004433],[383956.93656445,5834711.24117365],[383919.05973229,5834551.55215147],[383943.00859239,5834470.16693417],[383909.20101661,5834165.46983696],[383886.12147574,5833939.1276277],[383863.95716179,5833738.74009195],[383731.04067973,5833730.98349126],[383688.70994895,5833720.53462635],[383437.84139006,5833668.56616782],[383376.12133988,5833650.80477262],[383220.27465409,5833656.7115954],[383061.69826323,5833617.18789146],[382888.84873633,5833602.17381194],[382401.75253895,5833732.39249411],[382402.71141788,5833593.72909719],[382420.65870924,5833496.15546126],[382461.43570025,5833415.67199581],[382483.70118986,5833365.05353284],[382507.11495169,5833311.8271811],[382517.72615138,5833280.46781775],[382533.34695728,5833224.45498464],[382554.89639693,5833147.19054621],[382568.40778024,5833105.11936629],[382569.94517876,5833022.06680179],[382571.42212255,5832998.12167615],[382568.90195996,5832960.35740526],[382552.58183518,5832859.8355918]],"type":"LineString"},"properties":{"gisid":81,"objekt":"Vorderlandmauer","source_layer":"a_grenzmauer"},"type":"Feature"},{"geometry":{"coordinates":[[385056.17866575,5835073.65504323],[385307.89677072,5835243.51328333],[385404.45946898,5835302.89238087],[385502.8906902,5835365.83698536],[385715.24435742,5835487.60095396],[385643.56190851,5835566.62059175],[385546.69280617,5835680.10245349],[385500.32180673,5835758.41694934]],"type":"LineString"},"properties":{"gisid":112,"objekt":"Vorderlandmauer","source_layer":"a_grenzmauer"},"type":"Feature"},{"geometry":{"coordinates":[[385379.28939708,5833200.96504248],[385394.23871399,5833159.28941859],[385582.44517054,5832770.884593],[385603.75603298,5832710.09303176],[385617.71350145,5832631.8876551],[385631.61748973,5832550.87467427],[385636.7512977,5832525.49920482],[385639.19263455,5832487.77490636],[385638.84325868,5832451.03069716]],"type":"LineString"},"properties":{"gisid":130,"objekt":"Vorderlandmauer","source_layer":"a_grenzmauer"},"type":"Feature"},{"geometry":{"coordinates":[[385379.28939708,5833200.96504248],[385452.61005825,5833294.33554612]],"type":"LineString"},"properties":{"gisid":45,"objekt":"Vorderlandmauer","source_layer":"a_grenzmauer"},"type":"Feature"},{"geometry":{"coordinates":[[385452.61005825,5833294.33554612],[385444.81080988,5833357.50423366],[385443.20020768,5833461.96819057],[385473.16521902,5833522.61669933],[385506.21562332,5833556.1978065],[385533.0628755,5833595.84543398],[385536.96950755,5833658.24445159]],"type":"LineString"},"properties":{"gisid":113,"objekt":"Vorderlandmauer","source_layer":"a_grenzmauer"},"type":"Feature"},{"geometry":{"coordinates":[[385500.32180673,5835758.41694934],[385167.5592939,5835721.53975327],[385047.10109105,5835731.03802754],[384973.40678807,5835737.8443934],[384792.65354049,5835747.13137176],[384606.25468367,5835746.64303576],[384280.00447411,5835823.08405858],[384192.81520633,5835824.36832132],[384154.19219204,5835826.17744141],[384093.36185201,5835852.67089258],[383853.35312409,5835922.58067265],[383815.84900336,5835493.9507682],[383771.28105389,5835017.11764462]],"type":"LineString"},"properties":{"gisid":53,"objekt":"Vorderlandmauer","source_layer":"a_grenzmauer"},"type":"Feature"},{"geometry":{"coordinates":[[385536.96950755,5833658.24445159],[385572.60922666,5833707.63052773],[385614.05427901,5833868.36459473],[385600.90074096,5834017.34511917],[385542.47555343,5834041.6612189],[385447.97278968,5834279.33724565],[385416.26006927,5834315.95307006],[385227.40825933,5834704.87498107],[385185.822151,5834790.29453869],[385144.40757254,5834884.7137178],[385056.17866575,5835073.65504323]],"type":"LineString"},"properties":{"gisid":73,"objekt":"Vorderlandmauer","source_layer":"a_grenzmauer"},"type":"Feature"},{"geometry":{"coordinates":[[386047.44539672,5832150.26287935],[385941.31147679,5832196.21566282],[385888.98223622,5832221.93643833],[385857.78368617,5832236.01654494],[385828.74633387,5832245.5602432],[385810.63247036,5832252.82110051],[385777.63872991,5832254.01743065],[385745.6998225,5832251.63771081],[385689.87298086,5832247.5774178],[385608.20112891,5832236.21650364],[385526.6911014,5832233.89697694],[385488.2947842,5832226.00071683],[385408.6639112,5832213.10666495],[385301.54414424,5832194.357062],[385201.14339624,5832174.35562662],[385184.22805156,5832171.306471],[385139.68216649,5832163.16468645],[385123.34992686,5832161.22823084],[385115.74551137,5832160.24930127],[385112.9317704,5832189.52197959],[385150.20499738,5832214.09757219],[385240.11530768,5832243.85125448],[385298.45243705,5832268.02551618],[385349.0862262,5832300.77511261],[385380.73429502,5832310.28642456],[385422.28972576,5832320.4218545],[385448.93066288,5832329.41970107],[385479.55690468,5832335.93693437],[385508.91533921,5832343.2442458],[385535.55086679,5832355.09867289],[385557.08824998,5832364.80261302],[385570.71897011,5832372.40957661],[385595.18259191,5832388.23871285],[385611.78235917,5832404.2176751],[385625.61641511,5832422.49694874],[385638.84325868,5832451.03069716]],"type":"LineString"},"properties":{"gisid":114,"objekt":"Vorderlandmauer","source_layer":"a_grenzmauer"},"type":"Feature"},{"geometry":{"coordinates":[[387220.69395732,5808067.64301917],[387236.41112631,5808069.95662982],[387312.33609521,5808078.96303885]],"type":"LineString"},"properties":{"gisid":19,"objekt":"Vorderlandmauer","source_layer":"a_grenzmauer"},"type":"Feature"},{"geometry":{"coordinates":[[387283.72418396,5807672.87558395],[387445.05893024,5807502.6307095],[387510.79157348,5807433.46514825],[387690.00830321,5807241.98327559],[387808.73143561,5807120.43822374],[387862.75767875,5807076.74628111],[387924.46888558,5807025.0718159],[387953.51751766,5806995.78599613],[388045.77019003,5806901.7364596],[388161.57374317,5806809.85181864],[388272.10517463,5806715.45517986],[388302.87810228,5806685.26592457],[388371.28810311,5806619.53268301],[388449.6033375,5806571.0258823],[388574.93182535,5806476.34831856],[388697.35724254,5806412.20140307],[388751.56527681,5806378.08418165],[388808.35149132,5806342.17654671],[388969.28430764,5806242.46926135],[389020.8975985,5806209.27208966],[389215.29714809,5806083.67821862],[389211.4352662,5806063.72486123],[389091.62386152,5805486.09652649],[389193.37984548,5805479.81043183],[389471.48293714,5805451.89006873],[389663.77846078,5805444.75526856],[390112.66978258,5805469.31789195],[390247.79872782,5805478.07105963],[390252.22776505,5805436.19218709],[390282.45951512,5805010.7046937],[390287.18049443,5804938.34494316],[390288.73388198,5804882.58910353],[390292.02249378,5804780.65193757],[390287.43342477,5804722.40056876],[390282.06752897,5804623.23991836],[390277.80547804,5804449.7650416],[390284.96491108,5804408.98677788],[390299.17233699,5804285.94490856]],"type":"LineString"},"properties":{"gisid":98,"objekt":"Vorderlandmauer","source_layer":"a_grenzmauer"},"type":"Feature"},{"geometry":{"coordinates":[[387312.33609521,5808078.96303885],[387283.72418396,5807672.87558395]],"type":"LineString"},"properties":{"gisid":69,"objekt":"Vorderlandmauer","source_layer":"a_grenzmauer"},"type":"Feature"},{"geometry":{"coordinates":[[388954.4192159,5828056.4563728],[389190.7661796,5828366.20220053],[389586.07408875,5828882.41790238],[389678.7560701,5829020.68970188],[389816.12264771,5829326.8696767],[389896.06705635,5829524.37497875],[390054.62724168,5829885.30400088],[390072.74505625,5830237.96023004],[390035.40540802,5830496.70719038],[389951.12142622,5830753.88037111],[389793.8574149,5831162.85618675],[389725.14793447,5831329.2193276],[389651.84678968,5831488.93006273],[389581.74762387,5831627.45156389],[389552.23372718,5831685.25040439],[389535.67099425,5831724.16735403],[389517.402994,5831772.50290326],[389485.20433099,5831861.07064782],[389448.49753511,5831916.40873413],[389399.57005263,5831986.32153524],[389377.17790875,5831998.7278983],[389010.95694374,5831989.73205602],[388683.94463882,5832082.48280203],[388664.01086564,5832084.1936664],[388411.33960727,5831982.68467211],[388390.47492048,5831980.24098998],[388234.5134295,5831990.63172535],[388138.34015679,5831987.10974385],[388117.64313016,5831978.7044334],[388098.94773498,5831978.85748556],[387822.35669306,5832096.86597375],[387714.06442607,5832139.3335192],[387672.84447485,5832147.24657737],[387559.41102753,5832145.18023637],[387483.12413658,5832121.35611868],[387537.42182839,5831975.88328318],[387533.78947488,5831947.14222333],[387527.57850965,5831931.1186481],[387509.62117872,5831914.55259467],[387372.31262272,5831868.44890258],[387334.19262409,5831867.3746921],[387219.9054872,5831891.55339053],[387201.60163506,5831893.12348486],[387193.05055786,5831891.41595978],[387183.95632371,5831885.97019384],[387175.87847988,5831874.88603832],[387173.46045487,5831865.94166452],[387170.82840615,5831845.7633169],[387166.01375975,5831828.99796604],[387160.05430884,5831811.13061978],[387137.09400015,5831785.72052583],[387098.70568027,5831776.33762657],[387079.82185089,5831787.93544169],[386907.87737862,5831905.83940515],[386770.53341207,5831952.2844692],[386664.30227671,5831980.155903],[386539.46549715,5832034.2293768],[386219.84400383,5832079.42161932],[386123.29325579,5832126.86161829],[386047.44539672,5832150.26287935]],"type":"LineString"},"properties":{"gisid":131,"objekt":"Vorderlandmauer","source_layer":"a_grenzmauer"},"type":"Feature"},{"geometry":{"coordinates":[[389627.49339546,5826510.11765017],[389236.66163748,5826889.06798876],[389156.06982158,5826984.17810739],[389123.71910963,5826972.22421414],[388846.61451496,5827235.88105409],[388842.69189929,5827249.9222674],[388811.29817702,5827288.22964894],[388747.52711656,5827313.18701141],[388377.1057113,5827663.81708812],[388376.02858205,5827680.59744455],[388317.53919927,5827729.70908707],[388218.81411674,5827822.37584741],[388228.77987005,5827869.15637126],[388167.24274252,5827864.7415665],[388071.13368401,5827951.76765753],[388269.10806183,5828006.65719362],[388350.40401563,5828021.86894709],[388508.38202719,5828030.03384193],[388590.6752837,5828024.27679206],[388778.05214248,5828036.07180122],[388954.4192159,5828056.4563728]],"type":"LineString"},"properties":{"gisid":132,"objekt":"Vorderlandmauer","source_layer":"a_grenzmauer"},"type":"Feature"},{"geometry":{"coordinates":[[389695.02782911,5821008.9100499],[389684.94899847,5821024.90214176],[389670.96323656,5821049.09445234],[389655.15519821,5821072.41856096],[389637.98474509,5821095.31715595],[389619.60960972,5821120.28409708],[389580.65179948,5821180.56778164],[389558.94154562,5821219.35636234],[389523.95912369,5821286.00721519],[389501.85875287,5821334.43082437],[389452.75366423,5821446.84297852],[389363.31764969,5821613.06444485],[389366.44123684,5821635.48037835],[389207.7357041,5821893.82053965],[389233.49764448,5821924.79584947],[389297.32961014,5821972.12800934],[389348.9502066,5821897.4265108],[389657.08612993,5822121.71071609],[389754.82298327,5822013.76720686]],"type":"LineString"},"properties":{"gisid":47,"objekt":"Vorderlandmauer","source_layer":"a_grenzmauer"},"type":"Feature"},{"geometry":{"coordinates":[[389695.02782911,5821008.9100499],[389699.8758778,5821014.30613329]],"type":"LineString"},"properties":{"gisid":50,"objekt":"Vorderlandmauer","source_layer":"a_grenzmauer"},"type":"Feature"},{"geometry":{"coordinates":[[389707.49991377,5820983.36327355],[389717.34749667,5820941.95655473],[389720.90236596,5820917.41156553],[389716.38995833,5820891.62998733],[389711.50322565,5820871.04564143],[389702.10593532,5820849.64810048],[389683.5507387,5820819.43465865],[389653.34674359,5820791.24087501],[389648.68396455,5820523.01496322],[389658.18083363,5820478.29197691],[389693.85494762,5820463.22903459],[389714.33678554,5820452.95020417],[389740.9555846,5820434.46349084],[389756.90976561,5820422.47277529],[389779.89960006,5820402.25708004],[389799.34596043,5820384.80584399],[389823.96219988,5820355.5690721],[389832.69265079,5820341.91776692],[389843.10080149,5820321.94144759],[389860.06587483,5820268.57687591],[389872.58131773,5820170.34627807],[389875.07222434,5820159.51072502],[389883.64880453,5820137.77122997],[389900.33070647,5820116.77654855],[389919.74287746,5820097.52795365],[389947.29456238,5820080.82155038],[389965.9961096,5820071.47562669],[389992.78587769,5820061.97582833],[390026.79936791,5820054.1366298],[390083.45110334,5820054.85688297]],"type":"LineString"},"properties":{"gisid":117,"objekt":"Vorderlandmauer","source_layer":"a_grenzmauer"},"type":"Feature"},{"geometry":{"coordinates":[[389707.49991377,5820983.36327355],[389731.75758369,5820999.32722307]],"type":"LineString"},"properties":{"gisid":49,"objekt":"Vorderlandmauer","source_layer":"a_grenzmauer"},"type":"Feature"},{"geometry":{"coordinates":[[389782.19827668,5822044.64774166],[389885.90107554,5822146.1249846],[390103.56609799,5822349.8768913],[390113.59144884,5822347.66624088],[390144.76430053,5822285.04111696],[390312.39041573,5822016.06946352],[390550.92156564,5821671.5053924],[390636.69896846,5821562.69206351]],"type":"LineString"},"properties":{"gisid":116,"objekt":"Vorderlandmauer","source_layer":"a_grenzmauer"},"type":"Feature"},{"geometry":{"coordinates":[[389982.96806546,5818664.69042344],[389911.89698602,5818760.2827921],[389861.5239457,5818799.97060284],[389786.65860045,5818819.70738968],[389778.40176067,5818830.30728608],[389822.66017572,5819023.35041345],[389836.82903405,5819119.89830133],[389854.40588016,5819231.10643541],[389857.11086674,5819257.19199784],[389855.76790826,5819283.35456295],[389859.23990933,5819330.40877431],[389886.11677189,5819504.75782365],[389886.13380148,5819525.0044846],[389892.60579321,5819574.94663716],[389900.59177419,5819627.06874887],[389900.32878728,5819632.59565663],[389892.51991786,5819647.83741569],[389882.72406126,5819655.38630789],[389869.26225444,5819663.74119402],[389860.24439126,5819673.48404884],[389858.31296277,5819716.51683275],[389862.32846145,5819724.98218523],[389871.3423609,5819734.3820095],[389886.64017976,5819745.13479744],[389892.50778412,5819752.82485102],[389894.73258006,5819775.25786801],[389867.90637079,5819877.3567542],[389872.07057522,5820048.98914792],[389884.75483972,5820054.1419182],[389928.26170949,5820024.23154469],[389959.64524106,5820012.60831701],[389987.5427475,5820002.27017392],[390005.0523556,5819997.91251238],[390034.62368086,5819992.8548685],[390056.1922686,5819992.44453896]],"type":"LineString"},"properties":{"gisid":84,"objekt":"Vorderlandmauer","source_layer":"a_grenzmauer"},"type":"Feature"},{"geometry":{"coordinates":[[390056.1922686,5819992.44453896],[390087.6464568,5819991.84614177]],"type":"LineString"},"properties":{"gisid":79,"objekt":"Vorderlandmauer","source_layer":"a_grenzmauer"},"type":"Feature"},{"geometry":{"coordinates":[[390087.6464568,5819991.84614177],[390083.45110334,5820054.85688297]],"type":"LineString"},"properties":{"gisid":80,"objekt":"Vorderlandmauer","source_layer":"a_grenzmauer"},"type":"Feature"},{"geometry":{"coordinates":[[390299.17233699,5804285.94490856],[390563.46376509,5804264.38269572],[390752.11181437,5804248.61045878],[390861.75064579,5804244.78715696],[390977.25093929,5804228.66243982],[391163.0892224,5804202.49492104],[391248.75432159,5804183.62067349],[391400.62993928,5804157.22735045],[391571.93548302,5804145.26737364],[391759.1884444,5804111.99028932]],"type":"LineString"},"properties":{"gisid":97,"objekt":"Vorderlandmauer","source_layer":"a_grenzmauer"},"type":"Feature"},{"geometry":{"coordinates":[[390730.13517505,5818735.14736839],[390731.34116091,5818721.13563031]],"type":"LineString"},"properties":{"gisid":3,"objekt":"Vorderlandmauer","source_layer":"a_grenzmauer"},"type":"Feature"},{"geometry":{"coordinates":[[390731.34116091,5818721.13563031],[390370.03461229,5818692.66806058],[389982.96806546,5818664.69042344]],"type":"LineString"},"properties":{"gisid":85,"objekt":"Vorderlandmauer","source_layer":"a_grenzmauer"},"type":"Feature"},{"geometry":{"coordinates":[[390773.75241847,5825606.35129594],[390686.97629709,5825687.49175522],[390423.81699594,5825936.85526206],[390362.84193158,5825904.15986954],[390197.27745677,5825962.34604525],[390138.03647226,5826068.81128835],[390004.64522131,5826232.58161109],[389898.97272629,5826317.79792791],[389706.11693682,5826458.34133218],[389627.49339546,5826510.11765017]],"type":"LineString"},"properties":{"gisid":133,"objekt":"Vorderlandmauer","source_layer":"a_grenzmauer"},"type":"Feature"},{"geometry":{"coordinates":[[390775.556471,5818723.23960012],[390774.37848448,5818738.72330916]],"type":"LineString"},"properties":{"gisid":5,"objekt":"Vorderlandmauer","source_layer":"a_grenzmauer"},"type":"Feature"},{"geometry":{"coordinates":[[390775.556471,5818723.23960012],[390830.10361241,5818726.61954741],[391022.56051847,5818742.10128539],[391332.99932007,5818767.11883322],[391338.81722121,5818763.32691013],[391354.27295583,5818763.03291832],[391424.82572582,5818911.14992678],[391443.98344853,5818899.66766616],[391477.21480942,5818878.49458237],[391499.84841199,5818868.49278409],[391557.29139904,5818830.5875582],[391599.60064842,5818809.90398516],[391636.64598956,5818783.43053581],[391660.62556187,5818766.77688458],[391695.44894001,5818739.6094566],[391710.61067003,5818723.85978904],[391717.37454494,5818731.09363914],[391733.06825594,5818743.31138623],[391770.38556807,5818769.84283439],[391779.03481874,5818757.05372388],[391781.37924555,5818756.54037563],[391846.27776538,5818674.22716197],[391878.88761959,5818629.36384071],[391904.76715648,5818596.47655479],[391914.08838423,5818588.84961143],[391951.54231925,5818539.63179955],[391964.20807526,5818547.48963877],[392087.80968499,5818620.23613136],[392188.00794349,5818391.56521107]],"type":"LineString"},"properties":{"gisid":86,"objekt":"Vorderlandmauer","source_layer":"a_grenzmauer"},"type":"Feature"},{"geometry":{"coordinates":[[390829.03621638,5825476.57769681],[390773.75241847,5825606.35129594]],"type":"LineString"},"properties":{"gisid":34,"objekt":"Vorderlandmauer","source_layer":"a_grenzmauer"},"type":"Feature"},{"geometry":{"coordinates":[[391347.48685909,5824582.68832792],[391315.68755894,5824690.75012472],[391266.48263518,5824812.39132386],[391231.04016826,5824883.72232955],[391195.31760404,5824940.33860603],[391150.962247,5825007.42327633],[391110.74122182,5825059.70918337],[391102.16444742,5825073.12051912],[391012.64142707,5825164.61716312],[390827.68144739,5825346.25113578],[390841.09333706,5825452.42436312],[390834.76916268,5825458.99397464],[390829.03621638,5825476.57769681]],"type":"LineString"},"properties":{"gisid":72,"objekt":"Vorderlandmauer","source_layer":"a_grenzmauer"},"type":"Feature"},{"geometry":{"coordinates":[[391416.06861215,5823953.56722501],[391409.99746648,5824000.05588237],[391399.96210787,5824091.51129333],[391390.81008045,5824152.03775856],[391380.94280223,5824252.32201797],[391371.90283028,5824318.73438323],[391363.70313001,5824429.29095787],[391347.48685909,5824582.68832792]],"type":"LineString"},"properties":{"gisid":115,"objekt":"Vorderlandmauer","source_layer":"a_grenzmauer"},"type":"Feature"},{"geometry":{"coordinates":[[391432.01086249,5823831.49262058],[391419.54094486,5823926.97850693]],"type":"LineString"},"properties":{"gisid":71,"objekt":"Vorderlandmauer","source_layer":"a_grenzmauer"},"type":"Feature"},{"geometry":{"coordinates":[[391432.01086249,5823831.49262058],[391440.83182371,5823763.94798171],[391455.23142837,5823621.79388285],[391454.20461564,5823538.47649599],[391468.91939091,5823538.19643758],[391480.41115342,5823523.25765913],[391441.92869217,5823512.21402328],[391461.77562843,5823317.5314637],[391532.60753212,5823017.36617026],[391542.31978927,5822986.26920778],[391731.31086588,5822320.27007964],[391241.30120494,5822110.15639325],[391205.23678992,5822097.72774444],[391041.07603132,5822026.37806797],[391007.0217986,5821996.42843616],[390815.8524345,5821807.12419208],[390718.1331664,5821678.61863886],[390681.78165027,5821624.84601673],[390659.86445264,5821575.20453195],[390636.69896846,5821562.69206351]],"type":"LineString"},"properties":{"gisid":134,"objekt":"Vorderlandmauer","source_layer":"a_grenzmauer"},"type":"Feature"},{"geometry":{"coordinates":[[391759.1884444,5804111.99028932],[391943.54527057,5804089.45086779]],"type":"LineString"},"properties":{"gisid":18,"objekt":"Vorderlandmauer","source_layer":"a_grenzmauer"},"type":"Feature"},{"geometry":{"coordinates":[[392203.28761626,5818420.7245831],[392188.00794349,5818391.56521107]],"type":"LineString"},"properties":{"gisid":7,"objekt":"Vorderlandmauer","source_layer":"a_grenzmauer"},"type":"Feature"},{"geometry":{"coordinates":[[392207.59957971,5818376.46756328],[392223.71322906,5818410.76482179]],"type":"LineString"},"properties":{"gisid":8,"objekt":"Vorderlandmauer","source_layer":"a_grenzmauer"},"type":"Feature"},{"geometry":{"coordinates":[[392207.59957971,5818376.46756328],[392360.56068036,5818289.62566404],[392365.89456208,5818299.09545816],[392395.66190147,5818354.48424784],[392394.42791162,5818367.02396456],[392414.55149541,5818379.89369532],[392588.52309637,5818294.64295132],[392634.94701058,5818393.37160485],[392663.56642569,5818388.40974808],[392679.85608347,5818393.25365262],[392693.36978882,5818406.98534808],[392720.97115886,5818464.62403581]],"type":"LineString"},"properties":{"gisid":87,"objekt":"Vorderlandmauer","source_layer":"a_grenzmauer"},"type":"Feature"},{"geometry":{"coordinates":[[392290.11118949,5804061.75533708],[392142.60448682,5804071.73961955],[391943.54527057,5804089.45086779]],"type":"LineString"},"properties":{"gisid":96,"objekt":"Vorderlandmauer","source_layer":"a_grenzmauer"},"type":"Feature"},{"geometry":{"coordinates":[[392290.11118949,5804061.75533708],[392324.9308203,5803991.61070615]],"type":"LineString"},"properties":{"gisid":38,"objekt":"Vorderlandmauer","source_layer":"a_grenzmauer"},"type":"Feature"},{"geometry":{"coordinates":[[392309.91580069,5804060.05683534],[392312.9304865,5804059.79828702],[392505.1640963,5804044.60659037],[392516.04091754,5804074.06283489],[392777.36232275,5804659.77661249],[392941.06402163,5805023.37837317],[392981.99079227,5805112.43914549]],"type":"LineString"},"properties":{"gisid":95,"objekt":"Vorderlandmauer","source_layer":"a_grenzmauer"},"type":"Feature"},{"geometry":{"coordinates":[[392309.91580069,5804060.05683534],[392341.12464642,5803995.33399534]],"type":"LineString"},"properties":{"gisid":37,"objekt":"Vorderlandmauer","source_layer":"a_grenzmauer"},"type":"Feature"},{"geometry":{"coordinates":[[392981.99079227,5805112.43914549],[392978.49873078,5805200.20400049],[392956.42733057,5805328.30191107],[392933.74387656,5805424.16934517],[392875.32184958,5805675.47768268],[392838.17166397,5805824.49698476],[392811.81652313,5805930.75168644],[392757.84157688,5806144.57483335],[392737.46739108,5806226.2119602],[392682.22784353,5806441.34888547],[392511.89163127,5807115.2207892],[392479.08508967,5807268.97659978],[392420.91449355,5807485.79913111],[392411.24617159,5807587.86799829],[392428.12155722,5807729.41291286],[392449.02731131,5807811.55569275],[392498.38518213,5807829.96335786],[392646.04241685,5807863.26958289],[392848.67964444,5807939.38063555],[393092.49840476,5808010.84023899],[393351.59173713,5808071.69212968],[393376.69089025,5808086.04667918],[393587.49168849,5808184.57186255],[393808.09157625,5808276.52473123],[393821.92101188,5808278.84674913],[393900.78760165,5808303.19590289],[394008.40337657,5808344.23049218],[394143.19303526,5808409.73464591],[394263.07925491,5808461.73661218],[394387.32088374,5808516.24054396],[394450.37955943,5808570.18365092],[394566.98424658,5808630.86367239],[394721.79567203,5808707.18779429],[394808.92077519,5808758.08886479],[394919.44740463,5808816.2995241],[395051.37483227,5808867.21093331],[395189.29837689,5808916.28523543],[395234.34616151,5808929.2146245],[395517.04452482,5808979.84618175],[395787.19245578,5808868.73962242],[395815.41792336,5808857.86444546],[395859.35142002,5808676.09860219],[395876.34173515,5808618.05016201],[396001.91884637,5808198.66132349],[396063.92284027,5808015.69077119],[396108.238837,5807899.39766472],[396145.8283357,5807791.84812445],[396198.45670892,5807614.2252475],[396221.2633296,5807544.8659179],[396313.38970518,5807314.79825824],[396323.0868619,5807281.01259445],[396352.14562697,5807177.93308178],[396370.95680955,5807125.01963455],[396375.61725904,5807098.22225798],[396388.74313636,5807063.50990053],[396419.6774946,5807013.81249061],[396429.82309239,5806995.47439925],[396428.43160942,5806975.73687603],[396424.9971281,5806931.00017295],[396464.25452939,5806775.17087759],[396487.9388932,5806706.65654056],[396509.50812727,5806617.50457174],[396516.27227371,5806520.01805675],[396525.08613833,5806439.72412581],[396557.66548674,5806159.09331471],[396734.81952335,5806232.40887317],[396821.61673324,5806266.08492113],[396912.50759833,5806288.48273273],[397041.47403427,5806319.63468437],[397302.23023156,5806349.14509412],[397407.06479306,5806379.8937645],[397603.60222935,5806430.44001861],[397760.54838363,5806450.92489705],[397876.7919846,5806479.53033664],[397996.25151413,5806509.13958418],[398015.26472665,5806512.22474807],[398329.86022567,5806563.97481476],[398421.57930547,5806584.63360722],[398572.98714701,5806617.94382467],[398833.55180939,5806682.78198294],[398872.38858638,5806694.59335313]],"type":"LineString"},"properties":{"gisid":94,"objekt":"Vorderlandmauer","source_layer":"a_grenzmauer"},"type":"Feature"},{"geometry":{"coordinates":[[393402.71342862,5818769.50036437],[393376.95564368,5818710.94747698],[393361.44155183,5818705.08158492],[393308.92882352,5818589.53500018],[393293.30473777,5818556.07627121],[393280.54632557,5818527.95151789],[393265.30141015,5818509.24509462],[393242.80291745,5818487.08272667],[393213.55458278,5818466.29840878],[393185.2232257,5818447.69483728],[393164.33569945,5818433.36716649],[393138.28228642,5818418.40150488],[393104.88303161,5818404.31181318],[393061.94397981,5818391.87606996],[393022.79683513,5818385.25818897],[392989.60755435,5818382.20822783],[392964.57009276,5818381.94820826],[392940.29661156,5818383.14615483],[392920.45303357,5818384.99609062],[392888.87570155,5818389.27795715],[392867.61614772,5818394.09982192],[392831.11090296,5818410.25540581],[392720.97115886,5818464.62403581]],"type":"LineString"},"properties":{"gisid":88,"objekt":"Vorderlandmauer","source_layer":"a_grenzmauer"},"type":"Feature"},{"geometry":{"coordinates":[[393429.59949046,5818860.37698785],[393392.44321687,5818796.39335133],[393395.69415055,5818778.36195378],[393402.71342862,5818769.50036437]],"type":"LineString"},"properties":{"gisid":89,"objekt":"Vorderlandmauer","source_layer":"a_grenzmauer"},"type":"Feature"},{"geometry":{"coordinates":[[394442.15018421,5817934.53752921],[394530.55156501,5818046.50015349]],"type":"LineString"},"properties":{"gisid":70,"objekt":"Vorderlandmauer","source_layer":"a_grenzmauer"},"type":"Feature"},{"geometry":{"coordinates":[[394508.63700333,5817974.44526257],[394462.00820871,5817917.47563807]],"type":"LineString"},"properties":{"gisid":10,"objekt":"Vorderlandmauer","source_layer":"a_grenzmauer"},"type":"Feature"},{"geometry":{"coordinates":[[394530.55156501,5818046.50015349],[394474.57880822,5818085.03990284],[394457.8257487,5818096.88037131],[394331.52499111,5818177.835093],[394310.21336628,5818191.07581732],[394071.88740282,5818334.23093485],[393830.19414716,5818544.70894772],[393749.98410309,5818618.1115432],[393688.89843293,5818672.66869414],[393579.69198384,5818749.2088728],[393550.55333069,5818768.22846548],[393429.59949046,5818860.37698785]],"type":"LineString"},"properties":{"gisid":90,"objekt":"Vorderlandmauer","source_layer":"a_grenzmauer"},"type":"Feature"},{"geometry":{"coordinates":[[394755.25836735,5817359.99660309],[394623.08102241,5817205.25075375],[394614.32876795,5817198.286987],[394607.90784878,5817195.32576275],[394601.29250798,5817192.2744858],[394597.1776498,5817191.16524054],[394589.97084366,5817190.15125619],[394581.90770148,5817189.02334907],[394577.21442288,5817189.8157316],[394569.10332571,5817190.54811393],[394556.56245761,5817191.68765863],[394547.73925635,5817194.30951758],[394537.45527069,5817197.00937885],[394519.45657523,5817202.17082587],[394486.67917691,5817200.2094463],[394464.99181981,5817192.43688622],[394444.06745454,5817179.48033459],[394431.82949792,5817170.23569463],[394405.4099209,5817140.15204597],[394295.60202096,5817006.54145386]],"type":"LineString"},"properties":{"gisid":92,"objekt":"Vorderlandmauer","source_layer":"a_grenzmauer"},"type":"Feature"},{"geometry":{"coordinates":[[394755.25836735,5817359.99660309],[394776.86897132,5817385.29708043],[394802.52285518,5817412.10831001],[394819.68605017,5817430.44800471]],"type":"LineString"},"properties":{"gisid":91,"objekt":"Vorderlandmauer","source_layer":"a_grenzmauer"},"type":"Feature"},{"geometry":{"coordinates":[[394819.68605017,5817430.44800471],[394837.43234766,5817449.41077077],[394848.21794507,5817458.49190442],[394859.71273206,5817466.84899677]],"type":"LineString"},"properties":{"gisid":118,"objekt":"Vorderlandmauer","source_layer":"a_grenzmauer"},"type":"Feature"},{"geometry":{"coordinates":[[394859.71273206,5817466.84899677],[394859.71717482,5817466.8522268],[394875.06844309,5817475.2271569],[394893.78560546,5817482.83083325],[394907.17302179,5817489.20926504],[394932.47039533,5817494.03457683],[394961.72093866,5817497.45809582],[394981.00165301,5817504.26081882],[395011.79969026,5817499.36469499],[395051.97348952,5817499.72143774],[395155.68476966,5817471.58116185],[395191.92483597,5817546.8382164]],"type":"LineString"},"properties":{"gisid":76,"objekt":"Vorderlandmauer","source_layer":"a_grenzmauer"},"type":"Feature"},{"geometry":{"coordinates":[[394917.69377562,5817686.54206388],[394753.57625786,5817798.14976332],[394621.35236143,5817885.52926708],[394508.63700333,5817974.44526257]],"type":"LineString"},"properties":{"gisid":12,"objekt":"Unterwassergrenze","source_layer":"a_grenzmauer"},"type":"Feature"},{"geometry":{"coordinates":[[395191.92483597,5817546.8382164],[394917.69377562,5817686.54206388]],"type":"LineString"},"properties":{"gisid":11,"objekt":"Vorderlandmauer","source_layer":"a_grenzmauer"},"type":"Feature"},{"geometry":{"coordinates":[[395191.92483597,5817546.8382164],[395347.15401673,5817472.68632689]],"type":"LineString"},"properties":{"gisid":13,"objekt":"Vorderlandmauer","source_layer":"a_grenzmauer"},"type":"Feature"},{"geometry":{"coordinates":[[396387.14546435,5813152.05817365],[396202.53275293,5813165.29711218],[396202.34355091,5813175.03040113],[395180.20477186,5813234.2340658],[395168.79518161,5813226.93532595],[395170.02127659,5813210.33389772],[395288.97961489,5812942.35401201],[395319.41656623,5812863.95779313],[395381.10781875,5812707.1446445],[395418.55806532,5812602.31829932],[395449.80717575,5812523.90148304],[395455.64863103,5812512.85417569],[395471.58709603,5812490.15020536],[395521.17136224,5812381.93581316],[395543.12534957,5812338.68377919],[395559.02042445,5812327.5091385],[395581.92110038,5812282.37571158],[395622.50768426,5812214.3557204],[395696.11499984,5812125.17115056],[395723.93650376,5812093.90520877],[395811.16072106,5812020.75273064],[395896.16571261,5811951.9601614],[395991.31817427,5811872.71407295],[396003.82754348,5811874.08706581],[396071.24195925,5811819.24861407],[396431.91467909,5811520.71727968],[396460.93582691,5811506.38051997],[396567.80212465,5811417.33039244],[396606.73995965,5811377.13411489],[396693.44265561,5811297.37207265],[396901.26179793,5811125.6420463],[396969.49474471,5811065.06640192],[396997.76008926,5811050.32038423],[397009.52530817,5811041.13705396],[397301.58133731,5810802.68702774],[397315.66951776,5810783.64557818],[397656.57838469,5810497.15583189],[397671.64999096,5810492.02092451],[397843.96940908,5810351.27854275],[397856.82970051,5810335.1592705],[397903.67146232,5810293.68089683],[397920.50333643,5810285.36306615],[397932.38099091,5810275.66006365],[398094.53872451,5810141.21130616],[398319.56660617,5809954.72320622]],"type":"LineString"},"properties":{"gisid":119,"objekt":"Vorderlandmauer","source_layer":"a_grenzmauer"},"type":"Feature"},{"geometry":{"coordinates":[[396387.14546435,5813152.05817365],[396634.61209132,5813149.80605486]],"type":"LineString"},"properties":{"gisid":36,"objekt":"Vorderlandmauer","source_layer":"a_grenzmauer"},"type":"Feature"},{"geometry":{"coordinates":[[396391.52251575,5813203.28132967],[396392.95678914,5813233.40922694],[396406.77622274,5813280.53321533],[396423.06485568,5813321.57923174],[396432.31601766,5813355.00483803],[396443.42068953,5813395.28781664],[396524.49081169,5813490.24322181],[396540.91649996,5813508.060597]],"type":"LineString"},"properties":{"gisid":52,"objekt":"Vorderlandmauer","source_layer":"a_grenzmauer"},"type":"Feature"},{"geometry":{"coordinates":[[396540.91649996,5813508.060597],[396604.69333198,5813472.73821549]],"type":"LineString"},"properties":{"gisid":15,"objekt":"Vorderlandmauer","source_layer":"a_grenzmauer"},"type":"Feature"},{"geometry":{"coordinates":[[396558.74758481,5813539.59993825],[396644.26798162,5813732.69030614],[396644.93587548,5813858.46764058],[396606.56201089,5813924.67688746],[396598.22769796,5813939.48211274],[396502.16208225,5814098.11517231],[396453.24019617,5814153.32450421],[396359.61105705,5814304.15715946],[396336.18330949,5814340.78875289],[396269.3615156,5814451.47932531],[396225.90197843,5814522.09325455],[396185.82201583,5814589.19663944],[396099.55137033,5814719.21174173],[396063.04748961,5814793.13978847],[396052.05412022,5814849.35129049],[396066.84963196,5814902.48774892],[396110.71881801,5815080.0000499],[396128.4159247,5815195.11484393],[396006.26701102,5815341.32064755],[395681.93385994,5815729.16628264],[395509.25530833,5815936.6436556],[395508.63969644,5815949.57902979],[395396.62952871,5816085.2535207],[395347.70775462,5816140.46321473],[395326.70012948,5816168.43318961],[395303.09232286,5816195.59103323],[395172.64391207,5816041.26430276],[395159.34410318,5816027.07820598],[394890.82978476,5816263.74102456],[394847.62567686,5816302.4720709],[394784.93992999,5816358.80517411],[394776.22896863,5816353.80134605],[394679.81306781,5816448.68538288],[394663.62910385,5816458.47051627],[394538.17569487,5816566.83048891],[394372.99765839,5816398.51715034],[394362.79343869,5816405.60383623],[394310.26271235,5816452.26652142],[394058.59264611,5816674.17069577],[394062.69287313,5816708.55595403],[394068.25358615,5816729.12814543],[394176.52967304,5816861.47563962],[394249.28791693,5816949.6963457],[394295.60202096,5817006.54145386]],"type":"LineString"},"properties":{"gisid":93,"objekt":"Vorderlandmauer","source_layer":"a_grenzmauer"},"type":"Feature"},{"geometry":{"coordinates":[[396622.87006891,5813502.15856787],[396558.74758481,5813539.59993825]],"type":"LineString"},"properties":{"gisid":16,"objekt":"Vorderlandmauer","source_layer":"a_grenzmauer"},"type":"Feature"},{"geometry":{"coordinates":[[396657.81989743,5813179.83767476],[396391.52251575,5813203.28132967]],"type":"LineString"},"properties":{"gisid":51,"objekt":"Vorderlandmauer","source_layer":"a_grenzmauer"},"type":"Feature"},{"geometry":{"coordinates":[[398319.56660617,5809954.72320622],[398461.1573995,5809844.42946774],[398545.37250863,5809785.61099799],[398611.15056655,5809752.06271481],[398671.26343931,5809719.73635779],[398734.65766594,5809687.34766119],[398827.49060233,5809649.47580575],[398884.57148169,5809630.33725351],[398966.16902318,5809605.80906413],[399059.3136498,5809584.34402321],[399216.44471576,5809561.66321889],[399358.84079352,5809540.90366553],[399403.30132876,5809516.23662083],[399399.75206248,5809465.47142881],[399387.88475903,5809430.37254026],[399347.29530796,5809334.64789719],[399344.86914291,5809297.64648018],[399262.06596814,5809111.39741447],[399277.03901911,5809037.87946608],[399324.42905539,5808947.3757973],[399349.19286791,5808935.70489726],[399367.48605909,5808900.894543],[399390.28190612,5808876.3374862],[399409.99115138,5808734.66556166],[399474.50825053,5808638.66715046],[399505.50763975,5808592.4150176],[399500.4040701,5808459.83023712],[399516.57615793,5808358.71934607],[399544.2718755,5808274.62093594],[399505.14342779,5808165.08335549],[399523.03353669,5808154.4046564],[399525.22463829,5808133.6853594],[399573.67832305,5808099.1636624],[399625.65884826,5808068.88282082],[399590.24316183,5808018.72301116],[399558.17434841,5807963.33019586],[399569.72478346,5807936.40211775],[399540.71422679,5807905.93671676],[399571.56644006,5807851.93331435],[399534.13376041,5807786.30354328],[399560.17836907,5807751.34600628],[399496.88454627,5807503.55470953],[399447.80799186,5807369.22049655]],"type":"LineString"},"properties":{"gisid":120,"objekt":"Vorderlandmauer","source_layer":"a_grenzmauer"},"type":"Feature"},{"geometry":{"coordinates":[[398909.03769611,5806710.64162185],[399042.74635514,5806762.22313939]],"type":"LineString"},"properties":{"gisid":17,"objekt":"Vorderlandmauer","source_layer":"a_grenzmauer"},"type":"Feature"},{"geometry":{"coordinates":[[399042.74635514,5806762.22313939],[399142.06808267,5806923.30147318],[399258.37425814,5807050.74636544],[399329.76826385,5807166.17528282],[399377.6253339,5807257.687985],[399382.1115902,5807267.08003694],[399447.80799186,5807369.22049655]],"type":"LineString"},"properties":{"gisid":121,"objekt":"Vorderlandmauer","source_layer":"a_grenzmauer"},"type":"Feature"},{"geometry":{"coordinates":[[371195.81364094,5808185.28562736],[371266.88479668,5808166.09001976],[371348.82079342,5808154.67525568],[371404.802678,5808103.22544325],[371333.96789201,5808007.08455589],[371434.42837067,5807908.07656055],[371459.71154541,5807868.73999722],[371499.8510045,5807806.29186422],[371511.1918653,5807706.87685619],[371522.13624982,5807688.92993715],[371561.32449637,5807635.82186295],[371602.51755339,5807613.13227316],[371658.87385631,5807581.39181494],[371719.50605134,5807544.09337193],[371758.4883437,5807520.35044082],[371811.58050224,5807489.76736416],[371846.26608765,5807470.48747531],[371897.37628259,5807450.89559085],[371948.42407161,5807428.01883729],[371959.99039655,5807402.606008],[371983.18544767,5807355.06522688],[372016.17286775,5807304.05238171],[372075.88418001,5807218.36576221],[372116.10377348,5807165.61988867],[372156.28520733,5807112.92162714],[372221.3328305,5807032.88931121],[372289.04741835,5806964.78660329],[372371.77964577,5806879.96838456],[372414.11422571,5806836.47886154],[372442.75834478,5806810.70837222],[372486.30765731,5806796.73696226],[372509.28127306,5806795.20524272],[372534.56961853,5806800.20166565],[372560.86974222,5806800.79746416],[372607.0873343,5806811.96845695],[372678.96761896,5806847.8450779],[372940.7708947,5807021.41441529],[373014.49484244,5807096.68856574],[373107.12318568,5807013.87318857]],"type":"LineString"},"properties":{"gisid":1350,"objekt":"Politische Grenze","source_layer":"c_politischegrenze"},"type":"Feature"},{"geometry":{"coordinates":[[372144.55689749,5811988.37871309],[372216.4170996,5811801.44005461],[372428.53473879,5811584.56424079],[372421.6603495,5811490.56849885],[372351.27354985,5811401.17173886],[372010.28347436,5811217.70327051],[371781.58310413,5810874.37503153],[371652.97929158,5810800.50014562],[371690.45485159,5810452.11334738],[371358.77707093,5810178.58022845],[371280.39058395,5810069.83133605],[371214.63487202,5810045.64118141],[371177.09468981,5810033.63469366],[371115.84939514,5809889.79251264],[371046.95046924,5809923.32524013],[370937.37825735,5809958.47882305],[370918.01011885,5809965.6307555],[370903.10595979,5809984.56970367],[370892.34363471,5809998.34202063],[370875.02524822,5810024.11075333],[370807.83777942,5810058.4589875],[370766.955087,5810049.05996841],[370734.29163081,5810025.93694741],[370699.05286928,5810001.16688038],[370692.47470226,5809967.37232326],[370686.10593221,5809944.59764112],[370671.80186048,5809905.8619522],[370650.56329051,5809855.1274969],[370522.03918545,5809683.49933738],[369999.61299901,5809432.44509228],[370109.45764709,5808695.94677437],[370108.95524234,5808669.50253527],[370110.1370312,5808644.6796604],[370110.97342123,5808601.67637127],[370131.05772588,5808542.97547964],[370144.2690553,5808526.64254419],[370232.89180088,5808491.89164382],[370310.8127962,5808416.01005209],[370586.6483946,5808280.88092154],[370628.14028626,5808331.57441839]],"type":"LineString"},"properties":{"gisid":1351,"objekt":"Politische Grenze","source_layer":"c_politischegrenze"},"type":"Feature"},{"geometry":{"coordinates":[[372160.27484561,5815528.74016684],[372161.29882798,5815498.25041679],[372125.52874922,5815408.00917378],[372102.55785049,5815312.92007549],[372096.00530084,5815285.7984365],[372091.98218086,5815268.6357403],[372084.29557828,5815243.92455374],[372066.05138116,5815212.1974578],[372041.22696684,5815171.77512596],[371905.50191217,5814949.83775803],[371764.78459922,5814718.37296689],[371709.31145412,5814626.41301723],[371704.75629209,5814533.59788386],[371699.9668197,5814430.1373608],[371699.23534408,5814391.66245404],[371695.53531323,5814323.57552369],[371693.92608023,5814281.10805249],[371699.89065403,5814215.24293484],[371714.30074128,5814087.47479157],[371744.93146264,5813800.63195623],[371758.59183884,5813717.78170247],[371762.85590404,5813604.63977261],[371729.98862887,5813478.57224483]],"type":"LineString"},"properties":{"gisid":1352,"objekt":"Politische Grenze","source_layer":"c_politischegrenze"},"type":"Feature"},{"geometry":{"coordinates":[[372778.14052025,5806097.59516558],[372940.52125999,5805916.58470852],[372972.8666668,5805902.9286707],[373000.08453064,5805913.59036435],[373019.60496103,5805911.35652405]],"type":"LineString"},"properties":{"gisid":1348,"objekt":"Politische Grenze","source_layer":"c_politischegrenze"},"type":"Feature"},{"geometry":{"coordinates":[[372961.53209285,5805747.57477925],[372934.82711067,5805763.91833917],[372891.27157683,5805775.92416568],[372870.85528017,5805780.03811872],[372845.67672274,5805778.6532041],[372830.24648809,5805750.99969],[372825.41348651,5805741.77595627]],"type":"LineString"},"properties":{"gisid":1349,"objekt":"Politische Grenze","source_layer":"c_politischegrenze"},"type":"Feature"},{"geometry":{"coordinates":[[373262.40601551,5806733.52632145],[373351.40333017,5806711.84576716]],"type":"LineString"},"properties":{"gisid":112,"objekt":"Politische Grenze","source_layer":"c_politischegrenze"},"type":"Feature"},{"geometry":{"coordinates":[[373458.33958781,5827138.39365461],[373428.64202741,5827171.05398803],[373406.30456516,5827227.29861386],[373384.27557074,5827299.74297586],[373357.87482236,5827426.28927291],[373332.21159284,5827497.00223196],[373313.09713551,5827533.37866226],[373297.20564922,5827549.88687107],[373277.5085237,5827555.66380858],[373246.87432466,5827554.44651513],[373225.06872839,5827544.05799253],[373196.26879495,5827544.60639386],[373172.86884714,5827545.05197065],[373162.06887066,5827545.25762164],[373265.19826691,5827854.80166506],[373204.20406914,5827866.76688496],[373242.87753148,5828006.47906205]],"type":"LineString"},"properties":{"gisid":1353,"objekt":"Politische Grenze","source_layer":"c_politischegrenze"},"type":"Feature"},{"geometry":{"coordinates":[[373467.52437962,5806736.58748963],[373569.88337314,5806828.72987715],[373584.57075154,5806817.27229315],[373670.80963207,5806845.443855],[373666.68936928,5806775.6558385],[373689.38634426,5806744.48356587]],"type":"LineString"},"properties":{"gisid":1347,"objekt":"Politische Grenze","source_layer":"c_politischegrenze"},"type":"Feature"},{"geometry":{"coordinates":[[374041.92349646,5820976.93054218],[374039.67306822,5820959.16510827],[374032.95887226,5820939.03145885]],"type":"LineString"},"properties":{"gisid":136,"objekt":"Politische Grenze","source_layer":"c_politischegrenze"},"type":"Feature"},{"geometry":{"coordinates":[[375587.69339642,5806863.77284261],[375552.30975795,5806851.0722648],[375509.89674125,5806837.6793229],[375475.23385161,5806826.73824454],[375456.03156881,5806819.02449214],[375420.53215458,5806811.20881435],[375365.32419749,5806799.05373106],[375324.35942353,5806794.99827659],[375262.54203334,5806786.9741208],[375221.37308712,5806781.63081691],[375197.98654486,5806779.99680733],[375156.78579143,5806774.89890875],[375095.44017724,5806767.30851386],[374999.78441772,5806753.22885795],[374937.60634783,5806745.00319687],[374826.97492956,5806733.62475768],[374659.40750034,5806717.74906297],[374666.66672214,5806817.02182449],[374714.77471467,5806945.07319209],[374770.8382163,5807067.59987092],[374777.18168473,5807436.91073707],[375378.19102137,5807746.5631424],[375505.70065421,5807811.31014506],[376266.66111114,5808190.62940937],[377019.02048933,5808582.55037933],[377406.91142043,5808784.61127018],[377519.59066814,5808776.62745877],[377549.39545288,5808769.48948071],[377601.26270191,5808776.78057919],[377711.16308422,5808789.17649911],[377901.96683893,5808812.4501016],[378068.34266318,5808856.87903999],[378280.57684822,5808919.05879451],[378482.97979443,5809008.32387402]],"type":"LineString"},"properties":{"gisid":1346,"objekt":"Politische Grenze","source_layer":"c_politischegrenze"},"type":"Feature"},{"geometry":{"coordinates":[[379320.55990212,5809323.99935191],[379300.6675992,5809354.88433408],[379206.76467438,5809313.21697326],[379196.57990881,5809321.68696394],[379044.21176562,5809252.16272565],[378873.38520957,5809191.26562745],[378810.82249112,5809165.55571534],[378756.847729,5809156.23560858],[378689.75521685,5809109.92052672],[378608.18392334,5809063.88052006],[378543.27768049,5809023.73124009],[378482.97979443,5809008.32387402]],"type":"LineString"},"properties":{"gisid":1345,"objekt":"Politische Grenze","source_layer":"c_politischegrenze"},"type":"Feature"},{"geometry":{"coordinates":[[379598.09251713,5832406.77577154],[379593.06356403,5832422.62736522],[379598.09251713,5832406.77577154],[379560.62915364,5832414.67495862],[379566.97164824,5832369.53917579],[379560.85159647,5832331.84322898],[379538.08608409,5832271.05664907],[379540.62291262,5832215.18978698],[379498.39996574,5831983.71710736],[379393.45281014,5831767.84414919],[379280.48291085,5831508.90956274],[379150.79959961,5831412.34717249],[379062.80665402,5831235.76412732],[378996.9962298,5831089.36863738],[378957.79115673,5831016.2908859],[378892.42652657,5830893.29463895],[378569.30649349,5830283.64412493],[378494.92152258,5830228.39947674],[378470.61239603,5830213.32545582],[378454.22414264,5830205.28833573],[378409.60209858,5830183.40824122],[378352.64191018,5830158.12777939],[378321.8024684,5830146.11098251],[378294.5629596,5830134.02561353],[378261.85497571,5830118.44319885],[378241.64391167,5830097.22093677],[378224.79279198,5830063.33045318],[378220.67858893,5830036.39977352],[378218.05579739,5829993.23525887],[378217.37011451,5829957.2362592],[378219.97581597,5829904.96914101],[378229.60997818,5829843.56513765],[378245.12402051,5829807.25758428],[378267.56367084,5829756.4133005],[378304.32130941,5829696.67579371],[378330.7407323,5829668.58558065],[378369.75524233,5829615.64775182],[378420.45276572,5829546.85660036],[378456.95488381,5829489.91811787],[378504.01130069,5829407.99479364],[378604.76008758,5829239.55074208],[378651.89931968,5829175.3640734],[378688.15099844,5829125.99731113],[378738.52195644,5829052.41115731],[378858.21146783,5828907.8842297],[379042.49401631,5828751.32364132],[379113.18996682,5828681.55450376],[379153.90355209,5828644.76716035],[379215.21185964,5828583.09326444],[379251.76675598,5828537.88765986],[379296.54695324,5828476.39556857],[379332.94077907,5828401.87796106],[379363.04352143,5828280.66461893],[379282.7492148,5828035.51170326],[379234.63105238,5827872.57353205],[378990.96709936,5827936.63328626]],"type":"LineString"},"properties":{"gisid":1354,"objekt":"Politische Grenze","source_layer":"c_politischegrenze"},"type":"Feature"},{"geometry":{"coordinates":[[380936.23450128,5807521.53389913],[380935.09035043,5807544.46056396],[380910.05018118,5807870.3519051],[380882.46239165,5807901.88114594],[380898.95935955,5808028.40706659],[380905.47039974,5808222.77031472],[380899.47973197,5808352.54208361],[380877.3861055,5808524.89955393],[380852.26076486,5808686.04003474],[380839.77841355,5808770.83673452],[380811.83666589,5808903.32939281]],"type":"LineString"},"properties":{"gisid":1361,"objekt":"Politische Grenze","source_layer":"c_politischegrenze"},"type":"Feature"},{"geometry":{"coordinates":[[380936.23450128,5807521.53389913],[380967.29678077,5807541.36922625],[380990.71170407,5807555.62142915],[381025.69164805,5807574.95522947],[381048.22324172,5807586.83385118],[381069.17323069,5807596.43502261],[381105.58871374,5807610.35739602],[381138.89941005,5807622.80041723],[381169.06150279,5807631.45742652],[381203.09726871,5807641.57917814],[381252.51088511,5807651.40880818],[381286.4444019,5807656.14835027],[381330.37351788,5807660.69801344],[381372.76484351,5807665.2768877],[381401.85763692,5807667.60292144],[381448.31573079,5807668.86629468],[381490.4744701,5807670.00820761],[381517.41882435,5807667.91315983],[381556.31330236,5807663.30943589],[381597.91878642,5807654.07735155],[381623.91505041,5807645.89188801],[381663.84529014,5807633.24504968],[381694.37152059,5807619.75852665],[381709.40287226,5807611.19392816],[381729.23339022,5807602.35643066],[381761.9159767,5807581.73734794],[381779.36678916,5807569.09924186],[381807.45062972,5807549.33668445],[381845.47163371,5807526.30871223],[381867.47736877,5807510.50743413],[381905.5129738,5807488.24835392],[381939.83557014,5807472.98227466],[381970.38673601,5807461.63365283],[382009.32267268,5807446.2799442],[382054.43894345,5807432.34716402],[382081.98756433,5807424.90139614],[382111.10317553,5807418.96418832],[382124.94320859,5807418.70128811],[382164.88170687,5807415.6351436],[382200.20685742,5807412.6566332],[382243.23551499,5807410.30095438],[382270.11746919,5807408.2519917],[382316.94675332,5807403.51663185],[382356.1747616,5807403.54063605],[382380.03956807,5807404.62563486],[382408.56152973,5807407.92965433],[382447.10827014,5807412.58157077],[382505.98206892,5807434.53808462],[382579.42094717,5807453.91043344],[382631.36011378,5807475.22950132],[382663.14748548,5807488.47058556],[382710.41488246,5807506.80174299],[383013.85065041,5807729.47854618],[383028.70783782,5807742.2720504],[383194.09990752,5807881.19933566],[383611.98563972,5808247.88004399],[383705.09924639,5808329.89779853],[383722.01772187,5808349.60334473],[383930.613262,5808527.12582374],[384011.90083869,5808590.38001824],[384079.47501092,5808648.44101542],[384109.16217096,5808665.11225667],[384164.09442196,5808702.56051207],[384177.42594109,5808670.9607222],[384184.81329891,5808647.3104913],[384183.21526017,5808609.02845045],[384175.55730472,5808572.60300993],[384159.21161237,5808537.21335562],[384141.5384765,5808523.61732925],[384099.44375398,5808507.87305585]],"type":"LineString"},"properties":{"gisid":1343,"objekt":"Politische Grenze","source_layer":"c_politischegrenze"},"type":"Feature"},{"geometry":{"coordinates":[[380958.53743129,5832368.10841814],[380986.19832774,5832375.13821],[380992.85421162,5832376.63101153]],"type":"LineString"},"properties":{"gisid":315,"objekt":"Politische Grenze","source_layer":"c_politischegrenze"},"type":"Feature"},{"geometry":{"coordinates":[[385452.61005831,5833294.33554646],[385354.57605291,5833267.43875463],[385379.28939714,5833200.96504282]],"type":"LineString"},"properties":{"gisid":1366,"objekt":"Politische Grenze","source_layer":"c_politischegrenze"},"type":"Feature"},{"geometry":{"coordinates":[[387220.69395737,5808067.64301953],[387317.54803678,5808124.14199413],[387312.33609526,5808078.9630392]],"type":"LineString"},"properties":{"gisid":1342,"objekt":"Politische Grenze","source_layer":"c_politischegrenze"},"type":"Feature"},{"geometry":{"coordinates":[[387841.32070225,5831661.37571515],[387835.92873687,5831663.51570404],[387831.62940241,5831669.5396375],[387824.44497485,5831675.61853525],[387815.29184727,5831667.47407484],[387810.02220232,5831662.95541513],[387798.0941876,5831663.1905162],[387790.17291776,5831658.95469066],[387784.39138513,5831649.55759145],[387777.2441081,5831648.67512121],[387768.57107464,5831656.81964537],[387764.1424127,5831656.05515496],[387757.9617702,5831655.95619823],[387749.94671108,5831655.10903307],[387738.10501607,5831663.33351331],[387733.3074156,5831658.87775377],[387726.22753066,5831657.15322538],[387709.28364628,5831655.74422283],[387702.87530693,5831653.72824991],[387698.05457313,5831652.20808233],[387678.81067352,5831647.46550369],[387671.85014572,5831649.16297033],[387666.12688674,5831646.19903327],[387656.87874411,5831650.88291132],[387643.07612392,5831661.14447209],[387631.93271475,5831657.37148749],[387624.0665342,5831660.50676413],[387614.7817812,5831664.23220125],[387605.05844075,5831660.17517806],[387598.25945596,5831657.3385071],[387597.68036522,5831650.72702537],[387591.05607155,5831647.49118577],[387584.28445665,5831644.17742209],[387578.98273028,5831641.46847926],[387571.9842285,5831644.2893559],[387566.51570987,5831646.49513688],[387566.25014286,5831651.69299757],[387561.49879512,5831655.18201408],[387555.25272152,5831659.76983845],[387550.71063446,5831665.22104962],[387543.26846697,5831663.07112296],[387535.01452116,5831660.68665697],[387534.17653409,5831652.2415318],[387532.58845512,5831643.79246711],[387530.94265688,5831635.04762164],[387522.35510322,5831622.45003683],[387509.36156614,5831622.69757622],[387494.45960693,5831627.77897425],[387482.80182108,5831629.35265336],[387472.37000629,5831630.75714061],[387465.42811392,5831628.62112012],[387456.59493815,5831622.89866868],[387450.20870328,5831618.76244267],[387444.24154351,5831615.93928626],[387427.74673273,5831614.49757061],[387418.51355238,5831611.56403959],[387414.92399503,5831610.42146439],[387412.72250883,5831609.68995311],[387409.88859303,5831607.20222872],[387405.45501801,5831603.31266141],[387406.79284108,5831598.35218861],[387403.32684118,5831593.57958886],[387344.6720545,5831637.83340571],[387236.11670569,5831712.89138922],[387150.24525767,5831771.51946264],[387129.93147064,5831754.90881519],[387098.70568033,5831776.33762692]],"type":"LineString"},"properties":{"gisid":1355,"objekt":"Politische Grenze","source_layer":"c_politischegrenze"},"type":"Feature"},{"geometry":{"coordinates":[[388933.56697722,5831633.75076762],[388927.69779525,5831627.81862814],[388914.67168826,5831639.00346558],[388908.2438713,5831642.79620025],[388898.45557217,5831642.98267716],[388890.13680177,5831641.56821798],[388884.19150154,5831640.4475654],[388879.48409701,5831635.06890697],[388880.61568047,5831618.93013904],[388878.22087075,5831614.0830379],[388871.570791,5831612.48288417],[388862.61638703,5831625.89261134],[388856.72258879,5831633.77569203],[388848.05858003,5831632.21390579],[388835.42969615,5831618.92755269],[388833.04305909,5831599.4021202],[388823.77623668,5831596.41278051],[388811.29264758,5831605.86043983],[388800.17559754,5831619.63587837],[388784.1203086,5831621.67093961],[388777.53539503,5831616.57680501],[388765.65182865,5831612.19827966],[388752.74350844,5831614.45884697],[388743.67081254,5831621.08214515],[388739.45709599,5831627.08768447],[388734.97441158,5831633.50484717],[388731.4726322,5831630.98129267],[388721.99676907,5831625.30942136],[388714.32817342,5831622.38588071],[388700.04896317,5831627.85337785],[388690.84883903,5831643.84312819],[388675.98687814,5831649.30679765],[388664.92738498,5831655.68175038],[388657.84237813,5831663.75503487],[388649.91820442,5831670.81337813],[388644.7778953,5831672.92595883],[388632.41209336,5831673.44934799],[388620.90392276,5831673.66859088],[388612.45087785,5831668.0734803],[388611.90008348,5831654.26921332],[388608.22142721,5831647.9363989],[388599.38629241,5831647.02461846],[388584.79558902,5831651.6196988],[388574.27659375,5831658.43966948],[388567.69776195,5831660.57965571],[388558.16515223,5831658.74660899],[388550.63002943,5831656.01208536],[388541.01520371,5831649.86349148],[388535.96528001,5831641.61327852],[388528.18081973,5831640.89815749],[388516.8699631,5831651.47471288],[388508.46076434,5831648.18122572],[388502.82952585,5831639.23050964],[388500.42417598,5831634.23175944],[388493.70283602,5831628.8914634],[388484.13733836,5831625.33219661],[388476.26518068,5831620.01382439],[388474.72800044,5831614.86257239],[388482.10138616,5831593.99995609],[388476.84049227,5831589.78306681],[388462.97039057,5831586.88142061],[388457.73969008,5831599.35679701],[388454.78870104,5831610.6375127],[388449.95801734,5831613.89542537],[388430.62153051,5831611.09791936],[388421.97395474,5831610.39924068],[388419.2755933,5831598.48567987],[388417.51857424,5831588.03512433],[388411.67130861,5831583.25378993],[388407.30093209,5831580.4589729],[388399.12166968,5831581.82160846],[388396.62614515,5831593.41364418],[388381.89238008,5831711.1765419],[388191.51600668,5831694.600556],[388068.33311316,5831689.47735894],[388001.72711557,5831695.49989792],[387902.48321606,5831708.25602585],[387897.55670714,5831699.18218482],[387892.52838372,5831693.67549873],[387889.25860397,5831691.36098142],[387882.05247749,5831686.88047218],[387879.6092764,5831683.90506439],[387875.82389622,5831681.26082536],[387871.99325162,5831676.24063822],[387869.05319494,5831673.41052257],[387862.38702551,5831675.75752684],[387856.0112868,5831675.01716254],[387851.06055917,5831673.58352969],[387844.60664811,5831664.53878587],[387841.32070225,5831661.37571515]],"type":"LineString"},"properties":{"gisid":1356,"objekt":"Politische Grenze","source_layer":"c_politischegrenze"},"type":"Feature"},{"geometry":{"coordinates":[[389455.74780539,5831905.4784391],[389450.53603643,5831878.89896571],[389460.28495733,5831846.76666197],[389454.95282001,5831838.80965229],[389440.66081843,5831843.97465414],[389430.86245147,5831843.2979065],[389421.18466965,5831848.950615],[389415.55118221,5831855.38969485],[389414.21680606,5831860.88344937],[389408.73399319,5831860.12448425],[389403.71148318,5831853.31280288],[389398.23415133,5831852.84154022],[389394.34881025,5831860.39854361],[389391.10733365,5831856.43100066],[389389.13445957,5831843.51727193],[389381.03490753,5831841.36912424],[389373.37105014,5831846.98346507],[389363.5243622,5831861.57892368],[389351.5028864,5831862.36605098],[389345.95977979,5831858.44235714],[389340.53446095,5831845.59440126],[389334.06485108,5831838.57994833],[389324.57920907,5831838.99100328],[389312.51663838,5831839.56165927],[389304.97150643,5831837.0621021],[389307.10322075,5831828.09947127],[389318.19480355,5831806.01482545],[389317.43303782,5831796.24389865],[389313.02978398,5831791.72287386],[389290.10666402,5831797.05231023],[389278.00118197,5831796.13170782],[389274.93778632,5831786.40462924],[389267.24372511,5831775.3267354],[389258.05912896,5831776.65294231],[389255.86712103,5831782.4508446],[389256.8508169,5831788.76385972],[389262.59124469,5831803.04485085],[389256.90842396,5831806.89460846],[389247.92383335,5831803.61209224],[389243.34249736,5831804.85060134],[389241.15048971,5831810.64850397],[389243.37269938,5831821.54283729],[389229.00663809,5831807.71398308],[389217.10664086,5831802.47235939],[389208.7889349,5831802.07025167],[389200.97970836,5831798.14865782],[389184.49196818,5831797.62537808],[389166.28989074,5831793.94285238],[389159.8507837,5831788.30938313],[389159.80926536,5831781.03952582],[389160.43435842,5831773.62010085],[389156.01465962,5831768.23596606],[389145.0983564,5831769.30735719],[389137.34131429,5831770.03075318],[389136.74081047,5831762.70530356],[389134.77659042,5831756.26487074],[389132.07215257,5831750.27244326],[389126.79482318,5831745.19245398],[389120.88727516,5831737.24639932],[389114.22623718,5831735.07084282],[389110.48608665,5831735.14209723],[389106.78430368,5831737.22727095],[389098.47377727,5831739.11243972],[389088.72473116,5831741.02501412],[389076.92887086,5831741.24973973],[389066.8208661,5831739.4276592],[389058.12397529,5831736.13965907],[389052.24931281,5831729.91981981],[389053.01376517,5831724.72472623],[389052.2410386,5831714.37838787],[389050.15037608,5831710.38891641],[389044.94429986,5831709.0490621],[389031.74828587,5831711.31511199],[389022.56368364,5831712.64131824],[389018.72487293,5831707.5339218],[389028.786238,5831691.80065084],[389026.4188337,5831688.39206577],[389022.08135014,5831687.3234707],[389010.88830089,5831688.97574686],[389000.24873503,5831689.46624963],[388990.7709469,5831690.51023377],[388986.40336876,5831702.96915302],[388985.10941335,5831709.47866835],[388977.80326094,5831713.3731225],[388967.46421765,5831715.54408068],[388963.94061306,5831711.02780863],[388964.86393666,5831705.39415463],[388964.43372498,5831697.91936162],[388958.791955,5831688.81701091],[388954.6654399,5831683.7150946],[388945.84796379,5831674.09762957],[388939.11566939,5831668.18193398],[388934.10411807,5831661.94564897],[388934.504133,5831652.728195],[388934.03007398,5831642.95177845],[388933.56697722,5831633.75076762]],"type":"LineString"},"properties":{"gisid":12,"objekt":"Politische Grenze","source_layer":"c_politischegrenze"},"type":"Feature"},{"geometry":{"coordinates":[[389754.82298331,5822013.7672072],[389782.19827673,5822044.647742]],"type":"LineString"},"properties":{"gisid":265,"objekt":"Politische Grenze","source_layer":"c_politischegrenze"},"type":"Feature"},{"geometry":{"coordinates":[[389872.07057527,5820048.98914826],[389871.70189474,5820076.8655863],[389841.81317059,5820112.49574194],[389828.6801644,5820128.16895791],[389821.98174309,5820164.8333013],[389819.22680179,5820186.20368432],[389816.91231238,5820204.16981291],[389812.92356787,5820247.89742721],[389800.974493,5820281.38826968],[389778.37790019,5820322.27379529],[389760.02108623,5820336.41525252],[389739.60914204,5820356.93926151],[389720.03522022,5820376.61398505],[389683.67117463,5820400.49179966],[389643.60618415,5820421.03235999],[389602.45442102,5820431.70444349],[389522.5391962,5820436.82091818],[389529.23623633,5820647.06287758],[389530.25461721,5820653.33660291],[389480.88535122,5820704.62071022],[389485.53820649,5820854.66760907],[389647.28572131,5820850.69112941],[389665.66993375,5820871.91768433],[389673.20144664,5820889.75466927],[389679.00397161,5820911.22060662],[389680.29593856,5820931.87334962],[389678.04443534,5820955.29055502],[389681.21572105,5820967.31312972],[389677.71484349,5820974.66108193],[389673.14933143,5820985.45641753],[389664.1581471,5821006.73192476],[389653.20660386,5821022.15403214],[389638.88469986,5821044.66639886],[389618.73173612,5821076.33670482],[389602.01331375,5821090.60290018],[389582.513886,5821122.67744806],[389548.48972304,5821178.64845993],[389530.00614732,5821206.90155391],[389499.60918609,5821263.45148322],[389486.5391902,5821285.27651834],[389479.64034463,5821300.69103211],[389468.47033334,5821327.87400484],[389435.80770055,5821406.70976343],[389365.64700128,5821546.49302883],[389333.40428264,5821600.14841641],[389320.87388368,5821603.08389001],[389162.32221911,5821869.51227557],[389207.73570415,5821893.82053999]],"type":"LineString"},"properties":{"gisid":1358,"objekt":"Politische Grenze","source_layer":"c_politischegrenze"},"type":"Feature"},{"geometry":{"coordinates":[[390731.34116096,5818721.13563064],[390775.55647105,5818723.23960046]],"type":"LineString"},"properties":{"gisid":37,"objekt":"Politische Grenze","source_layer":"c_politischegrenze"},"type":"Feature"},{"geometry":{"coordinates":[[390773.75241851,5825606.35129627],[390739.12401881,5825565.79427735],[390829.03621642,5825476.57769715]],"type":"LineString"},"properties":{"gisid":1357,"objekt":"Politische Grenze","source_layer":"c_politischegrenze"},"type":"Feature"},{"geometry":{"coordinates":[[390829.81036784,5825458.08325707],[390777.2721154,5825404.6190999],[390817.80126721,5825368.51935007],[390799.9699427,5825339.64902031],[390807.3534824,5825323.96246187],[390921.54074297,5825212.8495885],[390918.83089352,5825185.539069],[390943.50990936,5825167.4051749],[390969.97036438,5825165.72390559],[391089.72035421,5825038.02922219],[391164.1364493,5824926.2120883],[391206.74023647,5824844.4406982],[391237.96434701,5824783.49403959],[391264.91407777,5824729.98878868],[391281.70351431,5824684.03698167],[391291.16357384,5824639.69670011],[391297.76470952,5824599.82686069],[391304.33783949,5824558.48554873],[391310.63088256,5824502.42950086],[391321.11429616,5824434.51763817],[391327.43536351,5824379.93306788],[391336.67138589,5824323.82100963],[391335.24296309,5824248.77585554],[391336.56145394,5824163.37436952],[391338.32808356,5824101.51646187],[391343.06568536,5824041.07401313],[391358.81892491,5823940.67772068],[391371.57321769,5823837.39450236],[391383.19213414,5823751.79697852],[391382.12789149,5823695.880986],[391370.62328043,5823632.80366909],[391359.62278454,5823596.21287319],[391342.70837356,5823558.26262557],[391297.44380108,5823500.24385239],[391337.18533336,5823510.73500337],[391336.77977896,5823510.22448823],[391437.57027072,5823515.24098752]],"type":"LineString"},"properties":{"gisid":1367,"objekt":"Politische Grenze","source_layer":"c_politischegrenze"},"type":"Feature"},{"geometry":{"coordinates":[[391943.54527061,5804089.45086813],[391961.10773568,5804143.1020769],[391759.18844445,5804111.99028966]],"type":"LineString"},"properties":{"gisid":1341,"objekt":"Politische Grenze","source_layer":"c_politischegrenze"},"type":"Feature"},{"geometry":{"coordinates":[[392188.00794353,5818391.5652114],[392207.59957975,5818376.46756361]],"type":"LineString"},"properties":{"gisid":45,"objekt":"Politische Grenze","source_layer":"c_politischegrenze"},"type":"Feature"},{"geometry":{"coordinates":[[392290.11118953,5804061.75533741],[392309.91580073,5804060.05683568]],"type":"LineString"},"properties":{"gisid":78,"objekt":"Politische Grenze","source_layer":"c_politischegrenze"},"type":"Feature"},{"geometry":{"coordinates":[[393293.9007298,5818548.70245292],[393248.60182047,5818450.90681442],[393216.42869136,5818465.03619507],[393213.55458282,5818466.29840911]],"type":"LineString"},"properties":{"gisid":1337,"objekt":"Politische Grenze","source_layer":"c_politischegrenze"},"type":"Feature"},{"geometry":{"coordinates":[[395008.91346489,5817501.42237598],[394966.7884305,5817556.03799789],[394967.27867424,5817581.8147695],[394933.11151274,5817612.7352257],[394928.61793022,5817612.26012143],[394898.96566524,5817644.77641672],[394896.30238528,5817652.11444582],[394880.80398256,5817662.49942361],[394858.40001167,5817663.48609284],[394835.25449475,5817654.95721846],[394820.92562335,5817638.41271449],[394801.00823627,5817652.24514328],[394806.94227959,5817669.50987668],[394805.55959525,5817685.23206452],[394762.06870255,5817726.98065419],[394708.29564773,5817750.54217838],[394555.29766117,5817842.41054565],[394415.99937078,5817952.44552821],[394194.4132794,5818135.81668337],[394016.53672116,5818244.92265302],[393922.81904398,5818311.39553342],[393858.9468375,5818381.40808465],[393858.08632957,5818390.15251447],[393843.49549607,5818405.83250603],[393840.93910399,5818406.39454597],[393815.26219447,5818433.0671297],[393743.86308239,5818485.25333988],[393714.19746889,5818518.16279042],[393583.88272664,5818631.02589559],[393484.16242461,5818705.82775573],[393402.71342867,5818769.50036469]],"type":"LineString"},"properties":{"gisid":1339,"objekt":"Politische Grenze","source_layer":"c_politischegrenze"},"type":"Feature"},{"geometry":{"coordinates":[[396391.52251579,5813203.28133],[396387.14546438,5813152.05817397]],"type":"LineString"},"properties":{"gisid":284,"objekt":"Politische Grenze","source_layer":"c_politischegrenze"},"type":"Feature"},{"geometry":{"coordinates":[[396540.91649999,5813508.06059733],[396558.74758485,5813539.59993858]],"type":"LineString"},"properties":{"gisid":69,"objekt":"Politische Grenze","source_layer":"c_politischegrenze"},"type":"Feature"},{"geometry":{"coordinates":[[398872.38858641,5806694.59335346],[398909.03769614,5806710.64162218]],"type":"LineString"},"properties":{"gisid":75,"objekt":"Politische Grenze","source_layer":"c_politischegrenze"},"type":"Feature"},{"geometry":{"coordinates":[[399447.80799189,5807369.22049688],[399364.9354749,5807269.9910107],[399371.64559513,5807260.38628129],[399254.61136393,5807131.65070099],[399270.5663157,5807109.80838527],[399233.00863253,5807082.95154019],[399091.5319421,5806937.44873748],[399111.12248918,5806880.21297611],[399041.69240664,5806808.29825535],[399042.74635517,5806762.22313971]],"type":"LineString"},"properties":{"gisid":1340,"objekt":"Politische Grenze","source_layer":"c_politischegrenze"},"type":"Feature"}],"type":"FeatureCollection"}
